date,route,origin,destination,cargo_type,vessel_type,freight_rate_usd_mt,freight_rate_inr_mt,baltic_dry_index,capesize_index,panamax_index,bunker_price_usd_ton
2021-01-01,Australia -> Visakhapatnam,Port Hedland,Visakhapatnam,Iron Ore,Capesize,29.37,2437.7,2108,2799,1989,617.8
2021-01-01,Australia -> Paradip,Hay Point,Paradip,Coking Coal,Panamax,20.84,1729.7,2108,2799,1989,617.8
2021-01-01,Brazil -> Haldia,Tubarao,Haldia,Iron Ore,Capesize,37.53,3115.0,2108,2799,1989,617.8
2021-01-01,Indonesia -> Dhamra,Samarinda,Dhamra,Thermal Coal,Supramax,11.89,986.9,2108,2799,1989,617.8
2021-01-01,South Africa -> Krishnapatnam,Richards Bay,Krishnapatnam,Coal,Panamax,18.33,1521.4,2108,2799,1989,617.8
2021-01-01,Australia -> Visakhapatnam,Newcastle,Visakhapatnam,Coking Coal,Panamax,20.33,1687.4,2108,2799,1989,617.8
2021-01-08,Australia -> Visakhapatnam,Port Hedland,Visakhapatnam,Iron Ore,Capesize,28.88,2397.0,2082,2812,1950,615.5
2021-01-08,Australia -> Paradip,Hay Point,Paradip,Coking Coal,Panamax,20.38,1691.5,2082,2812,1950,615.5
2021-01-08,Brazil -> Haldia,Tubarao,Haldia,Iron Ore,Capesize,36.0,2988.0,2082,2812,1950,615.5
2021-01-08,Indonesia -> Dhamra,Samarinda,Dhamra,Thermal Coal,Supramax,12.54,1040.8,2082,2812,1950,615.5
2021-01-08,South Africa -> Krishnapatnam,Richards Bay,Krishnapatnam,Coal,Panamax,18.72,1553.8,2082,2812,1950,615.5
2021-01-08,Australia -> Visakhapatnam,Newcastle,Visakhapatnam,Coking Coal,Panamax,20.04,1663.3,2082,2812,1950,615.5
2021-01-15,Australia -> Visakhapatnam,Port Hedland,Visakhapatnam,Iron Ore,Capesize,29.68,2463.4,2105,2862,1990,612.7
2021-01-15,Australia -> Paradip,Hay Point,Paradip,Coking Coal,Panamax,20.27,1682.4,2105,2862,1990,612.7
2021-01-15,Brazil -> Haldia,Tubarao,Haldia,Iron Ore,Capesize,36.19,3003.8,2105,2862,1990,612.7
2021-01-15,Indonesia -> Dhamra,Samarinda,Dhamra,Thermal Coal,Supramax,11.88,986.0,2105,2862,1990,612.7
2021-01-15,South Africa -> Krishnapatnam,Richards Bay,Krishnapatnam,Coal,Panamax,18.98,1575.3,2105,2862,1990,612.7
2021-01-15,Australia -> Visakhapatnam,Newcastle,Visakhapatnam,Coking Coal,Panamax,21.22,1761.3,2105,2862,1990,612.7
2021-01-22,Australia -> Visakhapatnam,Port Hedland,Visakhapatnam,Iron Ore,Capesize,29.07,2412.8,2127,2895,2023,616.7
2021-01-22,Australia -> Paradip,Hay Point,Paradip,Coking Coal,Panamax,20.83,1728.9,2127,2895,2023,616.7
2021-01-22,Brazil -> Haldia,Tubarao,Haldia,Iron Ore,Capesize,37.77,3134.9,2127,2895,2023,616.7
2021-01-22,Indonesia -> Dhamra,Samarinda,Dhamra,Thermal Coal,Supramax,12.85,1066.5,2127,2895,2023,616.7
2021-01-22,South Africa -> Krishnapatnam,Richards Bay,Krishnapatnam,Coal,Panamax,19.2,1593.6,2127,2895,2023,616.7
2021-01-22,Australia -> Visakhapatnam,Newcastle,Visakhapatnam,Coking Coal,Panamax,21.4,1776.2,2127,2895,2023,616.7
2021-01-29,Australia -> Visakhapatnam,Port Hedland,Visakhapatnam,Iron Ore,Capesize,28.78,2388.7,2142,2846,2018,615.1
2021-01-29,Australia -> Paradip,Hay Point,Paradip,Coking Coal,Panamax,20.46,1698.2,2142,2846,2018,615.1
2021-01-29,Brazil -> Haldia,Tubarao,Haldia,Iron Ore,Capesize,36.85,3058.6,2142,2846,2018,615.1
2021-01-29,Indonesia -> Dhamra,Samarinda,Dhamra,Thermal Coal,Supramax,12.39,1028.4,2142,2846,2018,615.1
2021-01-29,South Africa -> Krishnapatnam,Richards Bay,Krishnapatnam,Coal,Panamax,18.96,1573.7,2142,2846,2018,615.1
2021-01-29,Australia -> Visakhapatnam,Newcastle,Visakhapatnam,Coking Coal,Panamax,21.21,1760.4,2142,2846,2018,615.1
2021-02-05,Australia -> Visakhapatnam,Port Hedland,Visakhapatnam,Iron Ore,Capesize,29.51,2449.3,2129,2845,2008,618.8
2021-02-05,Australia -> Paradip,Hay Point,Paradip,Coking Coal,Panamax,20.93,1737.2,2129,2845,2008,618.8
2021-02-05,Brazil -> Haldia,Tubarao,Haldia,Iron Ore,Capesize,36.73,3048.6,2129,2845,2008,618.8
2021-02-05,Indonesia -> Dhamra,Samarinda,Dhamra,Thermal Coal,Supramax,13.03,1081.5,2129,2845,2008,618.8
2021-02-05,South Africa -> Krishnapatnam,Richards Bay,Krishnapatnam,Coal,Panamax,18.09,1501.5,2129,2845,2008,618.8
2021-02-05,Australia -> Visakhapatnam,Newcastle,Visakhapatnam,Coking Coal,Panamax,21.1,1751.3,2129,2845,2008,618.8
2021-02-12,Australia -> Visakhapatnam,Port Hedland,Visakhapatnam,Iron Ore,Capesize,30.34,2518.2,2166,2939,2061,620.4
2021-02-12,Australia -> Paradip,Hay Point,Paradip,Coking Coal,Panamax,21.57,1790.3,2166,2939,2061,620.4
2021-02-12,Brazil -> Haldia,Tubarao,Haldia,Iron Ore,Capesize,37.49,3111.7,2166,2939,2061,620.4
2021-02-12,Indonesia -> Dhamra,Samarinda,Dhamra,Thermal Coal,Supramax,12.14,1007.6,2166,2939,2061,620.4
2021-02-12,South Africa -> Krishnapatnam,Richards Bay,Krishnapatnam,Coal,Panamax,18.66,1548.8,2166,2939,2061,620.4
2021-02-12,Australia -> Visakhapatnam,Newcastle,Visakhapatnam,Coking Coal,Panamax,21.3,1767.9,2166,2939,2061,620.4
2021-02-19,Australia -> Visakhapatnam,Port Hedland,Visakhapatnam,Iron Ore,Capesize,29.68,2463.4,2140,2934,2056,619.0
2021-02-19,Australia -> Paradip,Hay Point,Paradip,Coking Coal,Panamax,20.71,1718.9,2140,2934,2056,619.0
2021-02-19,Brazil -> Haldia,Tubarao,Haldia,Iron Ore,Capesize,38.13,3164.8,2140,2934,2056,619.0
2021-02-19,Indonesia -> Dhamra,Samarinda,Dhamra,Thermal Coal,Supramax,12.67,1051.6,2140,2934,2056,619.0
2021-02-19,South Africa -> Krishnapatnam,Richards Bay,Krishnapatnam,Coal,Panamax,18.36,1523.9,2140,2934,2056,619.0
2021-02-19,Australia -> Visakhapatnam,Newcastle,Visakhapatnam,Coking Coal,Panamax,21.0,1743.0,2140,2934,2056,619.0
2021-02-26,Australia -> Visakhapatnam,Port Hedland,Visakhapatnam,Iron Ore,Capesize,29.31,2432.7,2143,2870,2041,622.3
2021-02-26,Australia -> Paradip,Hay Point,Paradip,Coking Coal,Panamax,20.45,1697.3,2143,2870,2041,622.3
2021-02-26,Brazil -> Haldia,Tubarao,Haldia,Iron Ore,Capesize,38.31,3179.7,2143,2870,2041,622.3
2021-02-26,Indonesia -> Dhamra,Samarinda,Dhamra,Thermal Coal,Supramax,12.77,1059.9,2143,2870,2041,622.3
2021-02-26,South Africa -> Krishnapatnam,Richards Bay,Krishnapatnam,Coal,Panamax,18.1,1502.3,2143,2870,2041,622.3
2021-02-26,Australia -> Visakhapatnam,Newcastle,Visakhapatnam,Coking Coal,Panamax,20.71,1718.9,2143,2870,2041,622.3
2021-03-05,Australia -> Visakhapatnam,Port Hedland,Visakhapatnam,Iron Ore,Capesize,28.3,2348.9,2109,2860,2021,621.8
2021-03-05,Australia -> Paradip,Hay Point,Paradip,Coking Coal,Panamax,20.38,1691.5,2109,2860,2021,621.8
2021-03-05,Brazil -> Haldia,Tubarao,Haldia,Iron Ore,Capesize,37.71,3129.9,2109,2860,2021,621.8
2021-03-05,Indonesia -> Dhamra,Samarinda,Dhamra,Thermal Coal,Supramax,12.6,1045.8,2109,2860,2021,621.8
2021-03-05,South Africa -> Krishnapatnam,Richards Bay,Krishnapatnam,Coal,Panamax,19.21,1594.4,2109,2860,2021,621.8
2021-03-05,Australia -> Visakhapatnam,Newcastle,Visakhapatnam,Coking Coal,Panamax,21.67,1798.6,2109,2860,2021,621.8
2021-03-12,Australia -> Visakhapatnam,Port Hedland,Visakhapatnam,Iron Ore,Capesize,28.05,2328.2,2067,2812,1974,622.2
2021-03-12,Australia -> Paradip,Hay Point,Paradip,Coking Coal,Panamax,20.38,1691.5,2067,2812,1974,622.2
2021-03-12,Brazil -> Haldia,Tubarao,Haldia,Iron Ore,Capesize,35.55,2950.6,2067,2812,1974,622.2
2021-03-12,Indonesia -> Dhamra,Samarinda,Dhamra,Thermal Coal,Supramax,12.19,1011.8,2067,2812,1974,622.2
2021-03-12,South Africa -> Krishnapatnam,Richards Bay,Krishnapatnam,Coal,Panamax,18.01,1494.8,2067,2812,1974,622.2
2021-03-12,Australia -> Visakhapatnam,Newcastle,Visakhapatnam,Coking Coal,Panamax,21.4,1776.2,2067,2812,1974,622.2
2021-03-19,Australia -> Visakhapatnam,Port Hedland,Visakhapatnam,Iron Ore,Capesize,29.48,2446.8,2095,2805,1991,619.7
2021-03-19,Australia -> Paradip,Hay Point,Paradip,Coking Coal,Panamax,21.03,1745.5,2095,2805,1991,619.7
2021-03-19,Brazil -> Haldia,Tubarao,Haldia,Iron Ore,Capesize,36.35,3017.1,2095,2805,1991,619.7
2021-03-19,Indonesia -> Dhamra,Samarinda,Dhamra,Thermal Coal,Supramax,12.69,1053.3,2095,2805,1991,619.7
2021-03-19,South Africa -> Krishnapatnam,Richards Bay,Krishnapatnam,Coal,Panamax,18.51,1536.3,2095,2805,1991,619.7
2021-03-19,Australia -> Visakhapatnam,Newcastle,Visakhapatnam,Coking Coal,Panamax,20.4,1693.2,2095,2805,1991,619.7
2021-03-26,Australia -> Visakhapatnam,Port Hedland,Visakhapatnam,Iron Ore,Capesize,28.29,2348.1,2115,2859,2026,620.0
2021-03-26,Australia -> Paradip,Hay Point,Paradip,Coking Coal,Panamax,20.34,1688.2,2115,2859,2026,620.0
2021-03-26,Brazil -> Haldia,Tubarao,Haldia,Iron Ore,Capesize,36.25,3008.8,2115,2859,2026,620.0
2021-03-26,Indonesia -> Dhamra,Samarinda,Dhamra,Thermal Coal,Supramax,13.27,1101.4,2115,2859,2026,620.0
2021-03-26,South Africa -> Krishnapatnam,Richards Bay,Krishnapatnam,Coal,Panamax,19.11,1586.1,2115,2859,2026,620.0
2021-03-26,Australia -> Visakhapatnam,Newcastle,Visakhapatnam,Coking Coal,Panamax,21.68,1799.4,2115,2859,2026,620.0
2021-04-02,Australia -> Visakhapatnam,Port Hedland,Visakhapatnam,Iron Ore,Capesize,28.18,2338.9,2097,2787,2015,623.8
2021-04-02,Australia -> Paradip,Hay Point,Paradip,Coking Coal,Panamax,20.43,1695.7,2097,2787,2015,623.8
2021-04-02,Brazil -> Haldia,Tubarao,Haldia,Iron Ore,Capesize,36.02,2989.7,2097,2787,2015,623.8
2021-04-02,Indonesia -> Dhamra,Samarinda,Dhamra,Thermal Coal,Supramax,12.9,1070.7,2097,2787,2015,623.8
2021-04-02,South Africa -> Krishnapatnam,Richards Bay,Krishnapatnam,Coal,Panamax,18.78,1558.7,2097,2787,2015,623.8
2021-04-02,Australia -> Visakhapatnam,Newcastle,Visakhapatnam,Coking Coal,Panamax,20.38,1691.5,2097,2787,2015,623.8
2021-04-09,Australia -> Visakhapatnam,Port Hedland,Visakhapatnam,Iron Ore,Capesize,28.66,2378.8,2093,2831,1974,626.9
2021-04-09,Australia -> Paradip,Hay Point,Paradip,Coking Coal,Panamax,19.95,1655.8,2093,2831,1974,626.9
2021-04-09,Brazil -> Haldia,Tubarao,Haldia,Iron Ore,Capesize,36.7,3046.1,2093,2831,1974,626.9
2021-04-09,Indonesia -> Dhamra,Samarinda,Dhamra,Thermal Coal,Supramax,12.82,1064.1,2093,2831,1974,626.9
2021-04-09,South Africa -> Krishnapatnam,Richards Bay,Krishnapatnam,Coal,Panamax,17.84,1480.7,2093,2831,1974,626.9
2021-04-09,Australia -> Visakhapatnam,Newcastle,Visakhapatnam,Coking Coal,Panamax,20.63,1712.3,2093,2831,1974,626.9
2021-04-16,Australia -> Visakhapatnam,Port Hedland,Visakhapatnam,Iron Ore,Capesize,28.71,2382.9,2132,2893,2021,627.2
2021-04-16,Australia -> Paradip,Hay Point,Paradip,Coking Coal,Panamax,20.35,1689.1,2132,2893,2021,627.2
2021-04-16,Brazil -> Haldia,Tubarao,Haldia,Iron Ore,Capesize,37.05,3075.1,2132,2893,2021,627.2
2021-04-16,Indonesia -> Dhamra,Samarinda,Dhamra,Thermal Coal,Supramax,12.83,1064.9,2132,2893,2021,627.2
2021-04-16,South Africa -> Krishnapatnam,Richards Bay,Krishnapatnam,Coal,Panamax,18.22,1512.3,2132,2893,2021,627.2
2021-04-16,Australia -> Visakhapatnam,Newcastle,Visakhapatnam,Coking Coal,Panamax,20.87,1732.2,2132,2893,2021,627.2
2021-04-23,Australia -> Visakhapatnam,Port Hedland,Visakhapatnam,Iron Ore,Capesize,29.38,2438.5,2095,2841,1974,630.6
2021-04-23,Australia -> Paradip,Hay Point,Paradip,Coking Coal,Panamax,19.74,1638.4,2095,2841,1974,630.6
2021-04-23,Brazil -> Haldia,Tubarao,Haldia,Iron Ore,Capesize,36.25,3008.8,2095,2841,1974,630.6
2021-04-23,Indonesia -> Dhamra,Samarinda,Dhamra,Thermal Coal,Supramax,12.74,1057.4,2095,2841,1974,630.6
2021-04-23,South Africa -> Krishnapatnam,Richards Bay,Krishnapatnam,Coal,Panamax,17.88,1484.0,2095,2841,1974,630.6
2021-04-23,Australia -> Visakhapatnam,Newcastle,Visakhapatnam,Coking Coal,Panamax,20.36,1689.9,2095,2841,1974,630.6
2021-04-30,Australia -> Visakhapatnam,Port Hedland,Visakhapatnam,Iron Ore,Capesize,29.77,2470.9,2129,2881,2021,633.0
2021-04-30,Australia -> Paradip,Hay Point,Paradip,Coking Coal,Panamax,20.26,1681.6,2129,2881,2021,633.0
2021-04-30,Brazil -> Haldia,Tubarao,Haldia,Iron Ore,Capesize,36.61,3038.6,2129,2881,2021,633.0
2021-04-30,Indonesia -> Dhamra,Samarinda,Dhamra,Thermal Coal,Supramax,12.56,1042.5,2129,2881,2021,633.0
2021-04-30,South Africa -> Krishnapatnam,Richards Bay,Krishnapatnam,Coal,Panamax,18.51,1536.3,2129,2881,2021,633.0
2021-04-30,Australia -> Visakhapatnam,Newcastle,Visakhapatnam,Coking Coal,Panamax,21.24,1762.9,2129,2881,2021,633.0
2021-05-07,Australia -> Visakhapatnam,Port Hedland,Visakhapatnam,Iron Ore,Capesize,29.35,2436.1,2146,2914,2067,629.8
2021-05-07,Australia -> Paradip,Hay Point,Paradip,Coking Coal,Panamax,20.67,1715.6,2146,2914,2067,629.8
2021-05-07,Brazil -> Haldia,Tubarao,Haldia,Iron Ore,Capesize,38.14,3165.6,2146,2914,2067,629.8
2021-05-07,Indonesia -> Dhamra,Samarinda,Dhamra,Thermal Coal,Supramax,12.37,1026.7,2146,2914,2067,629.8
2021-05-07,South Africa -> Krishnapatnam,Richards Bay,Krishnapatnam,Coal,Panamax,18.28,1517.2,2146,2914,2067,629.8
2021-05-07,Australia -> Visakhapatnam,Newcastle,Visakhapatnam,Coking Coal,Panamax,21.38,1774.5,2146,2914,2067,629.8
2021-05-14,Australia -> Visakhapatnam,Port Hedland,Visakhapatnam,Iron Ore,Capesize,29.31,2432.7,2138,2864,2016,633.4
2021-05-14,Australia -> Paradip,Hay Point,Paradip,Coking Coal,Panamax,21.43,1778.7,2138,2864,2016,633.4
2021-05-14,Brazil -> Haldia,Tubarao,Haldia,Iron Ore,Capesize,37.5,3112.5,2138,2864,2016,633.4
2021-05-14,Indonesia -> Dhamra,Samarinda,Dhamra,Thermal Coal,Supramax,12.0,996.0,2138,2864,2016,633.4
2021-05-14,South Africa -> Krishnapatnam,Richards Bay,Krishnapatnam,Coal,Panamax,19.51,1619.3,2138,2864,2016,633.4
2021-05-14,Australia -> Visakhapatnam,Newcastle,Visakhapatnam,Coking Coal,Panamax,21.92,1819.4,2138,2864,2016,633.4
2021-05-21,Australia -> Visakhapatnam,Port Hedland,Visakhapatnam,Iron Ore,Capesize,29.88,2480.0,2174,2978,2087,630.8
2021-05-21,Australia -> Paradip,Hay Point,Paradip,Coking Coal,Panamax,20.75,1722.2,2174,2978,2087,630.8
2021-05-21,Brazil -> Haldia,Tubarao,Haldia,Iron Ore,Capesize,37.9,3145.7,2174,2978,2087,630.8
2021-05-21,Indonesia -> Dhamra,Samarinda,Dhamra,Thermal Coal,Supramax,12.24,1015.9,2174,2978,2087,630.8
2021-05-21,South Africa -> Krishnapatnam,Richards Bay,Krishnapatnam,Coal,Panamax,18.84,1563.7,2174,2978,2087,630.8
2021-05-21,Australia -> Visakhapatnam,Newcastle,Visakhapatnam,Coking Coal,Panamax,22.53,1870.0,2174,2978,2087,630.8
2021-05-28,Australia -> Visakhapatnam,Port Hedland,Visakhapatnam,Iron Ore,Capesize,30.35,2519.1,2154,2936,2043,630.2
2021-05-28,Australia -> Paradip,Hay Point,Paradip,Coking Coal,Panamax,21.8,1809.4,2154,2936,2043,630.2
2021-05-28,Brazil -> Haldia,Tubarao,Haldia,Iron Ore,Capesize,37.79,3136.6,2154,2936,2043,630.2
2021-05-28,Indonesia -> Dhamra,Samarinda,Dhamra,Thermal Coal,Supramax,13.17,1093.1,2154,2936,2043,630.2
2021-05-28,South Africa -> Krishnapatnam,Richards Bay,Krishnapatnam,Coal,Panamax,18.3,1518.9,2154,2936,2043,630.2
2021-05-28,Australia -> Visakhapatnam,Newcastle,Visakhapatnam,Coking Coal,Panamax,21.22,1761.3,2154,2936,2043,630.2
2021-06-04,Australia -> Visakhapatnam,Port Hedland,Visakhapatnam,Iron Ore,Capesize,29.42,2441.9,2191,2965,2084,632.4
2021-06-04,Australia -> Paradip,Hay Point,Paradip,Coking Coal,Panamax,21.5,1784.5,2191,2965,2084,632.4
2021-06-04,Brazil -> Haldia,Tubarao,Haldia,Iron Ore,Capesize,38.35,3183.1,2191,2965,2084,632.4
2021-06-04,Indonesia -> Dhamra,Samarinda,Dhamra,Thermal Coal,Supramax,13.6,1128.8,2191,2965,2084,632.4
2021-06-04,South Africa -> Krishnapatnam,Richards Bay,Krishnapatnam,Coal,Panamax,18.62,1545.5,2191,2965,2084,632.4
2021-06-04,Australia -> Visakhapatnam,Newcastle,Visakhapatnam,Coking Coal,Panamax,22.65,1879.9,2191,2965,2084,632.4
2021-06-11,Australia -> Visakhapatnam,Port Hedland,Visakhapatnam,Iron Ore,Capesize,29.21,2424.4,2155,2878,2053,633.9
2021-06-11,Australia -> Paradip,Hay Point,Paradip,Coking Coal,Panamax,20.41,1694.0,2155,2878,2053,633.9
2021-06-11,Brazil -> Haldia,Tubarao,Haldia,Iron Ore,Capesize,38.34,3182.2,2155,2878,2053,633.9
2021-06-11,Indonesia -> Dhamra,Samarinda,Dhamra,Thermal Coal,Supramax,12.42,1030.9,2155,2878,2053,633.9
2021-06-11,South Africa -> Krishnapatnam,Richards Bay,Krishnapatnam,Coal,Panamax,19.01,1577.8,2155,2878,2053,633.9
2021-06-11,Australia -> Visakhapatnam,Newcastle,Visakhapatnam,Coking Coal,Panamax,21.74,1804.4,2155,2878,2053,633.9
2021-06-18,Australia -> Visakhapatnam,Port Hedland,Visakhapatnam,Iron Ore,Capesize,29.05,2411.2,2147,2907,2041,637.6
2021-06-18,Australia -> Paradip,Hay Point,Paradip,Coking Coal,Panamax,21.28,1766.2,2147,2907,2041,637.6
2021-06-18,Brazil -> Haldia,Tubarao,Haldia,Iron Ore,Capesize,37.16,3084.3,2147,2907,2041,637.6
2021-06-18,Indonesia -> Dhamra,Samarinda,Dhamra,Thermal Coal,Supramax,12.61,1046.6,2147,2907,2041,637.6
2021-06-18,South Africa -> Krishnapatnam,Richards Bay,Krishnapatnam,Coal,Panamax,19.06,1582.0,2147,2907,2041,637.6
2021-06-18,Australia -> Visakhapatnam,Newcastle,Visakhapatnam,Coking Coal,Panamax,21.15,1755.4,2147,2907,2041,637.6
2021-06-25,Australia -> Visakhapatnam,Port Hedland,Visakhapatnam,Iron Ore,Capesize,30.1,2498.3,2130,2901,1998,637.3
2021-06-25,Australia -> Paradip,Hay Point,Paradip,Coking Coal,Panamax,21.57,1790.3,2130,2901,1998,637.3
2021-06-25,Brazil -> Haldia,Tubarao,Haldia,Iron Ore,Capesize,36.61,3038.6,2130,2901,1998,637.3
2021-06-25,Indonesia -> Dhamra,Samarinda,Dhamra,Thermal Coal,Supramax,12.22,1014.3,2130,2901,1998,637.3
2021-06-25,South Africa -> Krishnapatnam,Richards Bay,Krishnapatnam,Coal,Panamax,18.27,1516.4,2130,2901,1998,637.3
2021-06-25,Australia -> Visakhapatnam,Newcastle,Visakhapatnam,Coking Coal,Panamax,22.0,1826.0,2130,2901,1998,637.3
2021-07-02,Australia -> Visakhapatnam,Port Hedland,Visakhapatnam,Iron Ore,Capesize,30.25,2510.8,2160,2955,2045,634.6
2021-07-02,Australia -> Paradip,Hay Point,Paradip,Coking Coal,Panamax,21.39,1775.4,2160,2955,2045,634.6
2021-07-02,Brazil -> Haldia,Tubarao,Haldia,Iron Ore,Capesize,37.99,3153.2,2160,2955,2045,634.6
2021-07-02,Indonesia -> Dhamra,Samarinda,Dhamra,Thermal Coal,Supramax,13.64,1132.1,2160,2955,2045,634.6
2021-07-02,South Africa -> Krishnapatnam,Richards Bay,Krishnapatnam,Coal,Panamax,19.15,1589.4,2160,2955,2045,634.6
2021-07-02,Australia -> Visakhapatnam,Newcastle,Visakhapatnam,Coking Coal,Panamax,20.82,1728.1,2160,2955,2045,634.6
2021-07-09,Australia -> Visakhapatnam,Port Hedland,Visakhapatnam,Iron Ore,Capesize,29.47,2446.0,2185,2930,2086,638.3
2021-07-09,Australia -> Paradip,Hay Point,Paradip,Coking Coal,Panamax,20.7,1718.1,2185,2930,2086,638.3
2021-07-09,Brazil -> Haldia,Tubarao,Haldia,Iron Ore,Capesize,37.62,3122.5,2185,2930,2086,638.3
2021-07-09,Indonesia -> Dhamra,Samarinda,Dhamra,Thermal Coal,Supramax,13.09,1086.5,2185,2930,2086,638.3
2021-07-09,South Africa -> Krishnapatnam,Richards Bay,Krishnapatnam,Coal,Panamax,18.76,1557.1,2185,2930,2086,638.3
2021-07-09,Australia -> Visakhapatnam,Newcastle,Visakhapatnam,Coking Coal,Panamax,22.02,1827.7,2185,2930,2086,638.3
2021-07-16,Australia -> Visakhapatnam,Port Hedland,Visakhapatnam,Iron Ore,Capesize,30.26,2511.6,2202,2943,2100,636.5
2021-07-16,Australia -> Paradip,Hay Point,Paradip,Coking Coal,Panamax,22.12,1836.0,2202,2943,2100,636.5
2021-07-16,Brazil -> Haldia,Tubarao,Haldia,Iron Ore,Capesize,39.1,3245.3,2202,2943,2100,636.5
2021-07-16,Indonesia -> Dhamra,Samarinda,Dhamra,Thermal Coal,Supramax,12.45,1033.3,2202,2943,2100,636.5
2021-07-16,South Africa -> Krishnapatnam,Richards Bay,Krishnapatnam,Coal,Panamax,19.15,1589.4,2202,2943,2100,636.5
2021-07-16,Australia -> Visakhapatnam,Newcastle,Visakhapatnam,Coking Coal,Panamax,21.67,1798.6,2202,2943,2100,636.5
2021-07-23,Australia -> Visakhapatnam,Port Hedland,Visakhapatnam,Iron Ore,Capesize,30.09,2497.5,2160,2943,2060,634.6
2021-07-23,Australia -> Paradip,Hay Point,Paradip,Coking Coal,Panamax,21.15,1755.4,2160,2943,2060,634.6
2021-07-23,Brazil -> Haldia,Tubarao,Haldia,Iron Ore,Capesize,37.7,3129.1,2160,2943,2060,634.6
2021-07-23,Indonesia -> Dhamra,Samarinda,Dhamra,Thermal Coal,Supramax,12.07,1001.8,2160,2943,2060,634.6
2021-07-23,South Africa -> Krishnapatnam,Richards Bay,Krishnapatnam,Coal,Panamax,18.23,1513.1,2160,2943,2060,634.6
2021-07-23,Australia -> Visakhapatnam,Newcastle,Visakhapatnam,Coking Coal,Panamax,22.22,1844.3,2160,2943,2060,634.6
2021-07-30,Australia -> Visakhapatnam,Port Hedland,Visakhapatnam,Iron Ore,Capesize,29.59,2456.0,2192,2964,2103,635.4
2021-07-30,Australia -> Paradip,Hay Point,Paradip,Coking Coal,Panamax,20.78,1724.7,2192,2964,2103,635.4
2021-07-30,Brazil -> Haldia,Tubarao,Haldia,Iron Ore,Capesize,38.07,3159.8,2192,2964,2103,635.4
2021-07-30,Indonesia -> Dhamra,Samarinda,Dhamra,Thermal Coal,Supramax,13.69,1136.3,2192,2964,2103,635.4
2021-07-30,South Africa -> Krishnapatnam,Richards Bay,Krishnapatnam,Coal,Panamax,19.66,1631.8,2192,2964,2103,635.4
2021-07-30,Australia -> Visakhapatnam,Newcastle,Visakhapatnam,Coking Coal,Panamax,22.5,1867.5,2192,2964,2103,635.4
2021-08-06,Australia -> Visakhapatnam,Port Hedland,Visakhapatnam,Iron Ore,Capesize,31.03,2575.5,2224,2974,2098,632.3
2021-08-06,Australia -> Paradip,Hay Point,Paradip,Coking Coal,Panamax,22.3,1850.9,2224,2974,2098,632.3
2021-08-06,Brazil -> Haldia,Tubarao,Haldia,Iron Ore,Capesize,38.78,3218.7,2224,2974,2098,632.3
2021-08-06,Indonesia -> Dhamra,Samarinda,Dhamra,Thermal Coal,Supramax,13.43,1114.7,2224,2974,2098,632.3
2021-08-06,South Africa -> Krishnapatnam,Richards Bay,Krishnapatnam,Coal,Panamax,18.91,1569.5,2224,2974,2098,632.3
2021-08-06,Australia -> Visakhapatnam,Newcastle,Visakhapatnam,Coking Coal,Panamax,22.93,1903.2,2224,2974,2098,632.3
2021-08-13,Australia -> Visakhapatnam,Port Hedland,Visakhapatnam,Iron Ore,Capesize,30.22,2508.3,2253,3089,2159,635.5
2021-08-13,Australia -> Paradip,Hay Point,Paradip,Coking Coal,Panamax,22.35,1855.1,2253,3089,2159,635.5
2021-08-13,Brazil -> Haldia,Tubarao,Haldia,Iron Ore,Capesize,39.17,3251.1,2253,3089,2159,635.5
2021-08-13,Indonesia -> Dhamra,Samarinda,Dhamra,Thermal Coal,Supramax,14.1,1170.3,2253,3089,2159,635.5
2021-08-13,South Africa -> Krishnapatnam,Richards Bay,Krishnapatnam,Coal,Panamax,20.2,1676.6,2253,3089,2159,635.5
2021-08-13,Australia -> Visakhapatnam,Newcastle,Visakhapatnam,Coking Coal,Panamax,23.12,1919.0,2253,3089,2159,635.5
2021-08-20,Australia -> Visakhapatnam,Port Hedland,Visakhapatnam,Iron Ore,Capesize,31.92,2649.4,2278,3052,2181,632.4
2021-08-20,Australia -> Paradip,Hay Point,Paradip,Coking Coal,Panamax,22.79,1891.6,2278,3052,2181,632.4
2021-08-20,Brazil -> Haldia,Tubarao,Haldia,Iron Ore,Capesize,39.42,3271.9,2278,3052,2181,632.4
2021-08-20,Indonesia -> Dhamra,Samarinda,Dhamra,Thermal Coal,Supramax,14.06,1167.0,2278,3052,2181,632.4
2021-08-20,South Africa -> Krishnapatnam,Richards Bay,Krishnapatnam,Coal,Panamax,19.87,1649.2,2278,3052,2181,632.4
2021-08-20,Australia -> Visakhapatnam,Newcastle,Visakhapatnam,Coking Coal,Panamax,22.47,1865.0,2278,3052,2181,632.4
2021-08-27,Australia -> Visakhapatnam,Port Hedland,Visakhapatnam,Iron Ore,Capesize,31.37,2603.7,2301,3079,2157,630.0
2021-08-27,Australia -> Paradip,Hay Point,Paradip,Coking Coal,Panamax,23.02,1910.7,2301,3079,2157,630.0
2021-08-27,Brazil -> Haldia,Tubarao,Haldia,Iron Ore,Capesize,41.02,3404.7,2301,3079,2157,630.0
2021-08-27,Indonesia -> Dhamra,Samarinda,Dhamra,Thermal Coal,Supramax,13.34,1107.2,2301,3079,2157,630.0
2021-08-27,South Africa -> Krishnapatnam,Richards Bay,Krishnapatnam,Coal,Panamax,20.36,1689.9,2301,3079,2157,630.0
2021-08-27,Australia -> Visakhapatnam,Newcastle,Visakhapatnam,Coking Coal,Panamax,22.85,1896.6,2301,3079,2157,630.0
2021-09-03,Australia -> Visakhapatnam,Port Hedland,Visakhapatnam,Iron Ore,Capesize,32.93,2733.2,2340,3162,2249,626.9
2021-09-03,Australia -> Paradip,Hay Point,Paradip,Coking Coal,Panamax,22.3,1850.9,2340,3162,2249,626.9
2021-09-03,Brazil -> Haldia,Tubarao,Haldia,Iron Ore,Capesize,41.69,3460.3,2340,3162,2249,626.9
2021-09-03,Indonesia -> Dhamra,Samarinda,Dhamra,Thermal Coal,Supramax,13.55,1124.7,2340,3162,2249,626.9
2021-09-03,South Africa -> Krishnapatnam,Richards Bay,Krishnapatnam,Coal,Panamax,19.85,1647.6,2340,3162,2249,626.9
2021-09-03,Australia -> Visakhapatnam,Newcastle,Visakhapatnam,Coking Coal,Panamax,23.3,1933.9,2340,3162,2249,626.9
2021-09-10,Australia -> Visakhapatnam,Port Hedland,Visakhapatnam,Iron Ore,Capesize,32.24,2675.9,2358,3165,2246,627.1
2021-09-10,Australia -> Paradip,Hay Point,Paradip,Coking Coal,Panamax,23.12,1919.0,2358,3165,2246,627.1
2021-09-10,Brazil -> Haldia,Tubarao,Haldia,Iron Ore,Capesize,40.88,3393.0,2358,3165,2246,627.1
2021-09-10,Indonesia -> Dhamra,Samarinda,Dhamra,Thermal Coal,Supramax,14.37,1192.7,2358,3165,2246,627.1
2021-09-10,South Africa -> Krishnapatnam,Richards Bay,Krishnapatnam,Coal,Panamax,19.84,1646.7,2358,3165,2246,627.1
2021-09-10,Australia -> Visakhapatnam,Newcastle,Visakhapatnam,Coking Coal,Panamax,24.26,2013.6,2358,3165,2246,627.1
2021-09-17,Australia -> Visakhapatnam,Port Hedland,Visakhapatnam,Iron Ore,Capesize,32.24,2675.9,2360,3209,2257,628.6
2021-09-17,Australia -> Paradip,Hay Point,Paradip,Coking Coal,Panamax,22.33,1853.4,2360,3209,2257,628.6
2021-09-17,Brazil -> Haldia,Tubarao,Haldia,Iron Ore,Capesize,41.58,3451.1,2360,3209,2257,628.6
2021-09-17,Indonesia -> Dhamra,Samarinda,Dhamra,Thermal Coal,Supramax,13.78,1143.7,2360,3209,2257,628.6
2021-09-17,South Africa -> Krishnapatnam,Richards Bay,Krishnapatnam,Coal,Panamax,20.36,1689.9,2360,3209,2257,628.6
2021-09-17,Australia -> Visakhapatnam,Newcastle,Visakhapatnam,Coking Coal,Panamax,24.16,2005.3,2360,3209,2257,628.6
2021-09-24,Australia -> Visakhapatnam,Port Hedland,Visakhapatnam,Iron Ore,Capesize,32.55,2701.6,2378,3190,2247,627.9
2021-09-24,Australia -> Paradip,Hay Point,Paradip,Coking Coal,Panamax,22.86,1897.4,2378,3190,2247,627.9
2021-09-24,Brazil -> Haldia,Tubarao,Haldia,Iron Ore,Capesize,41.02,3404.7,2378,3190,2247,627.9
2021-09-24,Indonesia -> Dhamra,Samarinda,Dhamra,Thermal Coal,Supramax,14.02,1163.7,2378,3190,2247,627.9
2021-09-24,South Africa -> Krishnapatnam,Richards Bay,Krishnapatnam,Coal,Panamax,21.51,1785.3,2378,3190,2247,627.9
2021-09-24,Australia -> Visakhapatnam,Newcastle,Visakhapatnam,Coking Coal,Panamax,24.07,1997.8,2378,3190,2247,627.9
2021-10-01,Australia -> Visakhapatnam,Port Hedland,Visakhapatnam,Iron Ore,Capesize,32.35,2685.1,2410,3266,2278,628.4
2021-10-01,Australia -> Paradip,Hay Point,Paradip,Coking Coal,Panamax,23.16,1922.3,2410,3266,2278,628.4
2021-10-01,Brazil -> Haldia,Tubarao,Haldia,Iron Ore,Capesize,42.08,3492.6,2410,3266,2278,628.4
2021-10-01,Indonesia -> Dhamra,Samarinda,Dhamra,Thermal Coal,Supramax,14.47,1201.0,2410,3266,2278,628.4
2021-10-01,South Africa -> Krishnapatnam,Richards Bay,Krishnapatnam,Coal,Panamax,21.34,1771.2,2410,3266,2278,628.4
2021-10-01,Australia -> Visakhapatnam,Newcastle,Visakhapatnam,Coking Coal,Panamax,24.05,1996.2,2410,3266,2278,628.4
2021-10-08,Australia -> Visakhapatnam,Port Hedland,Visakhapatnam,Iron Ore,Capesize,33.55,2784.6,2405,3218,2283,631.8
2021-10-08,Australia -> Paradip,Hay Point,Paradip,Coking Coal,Panamax,22.93,1903.2,2405,3218,2283,631.8
2021-10-08,Brazil -> Haldia,Tubarao,Haldia,Iron Ore,Capesize,41.43,3438.7,2405,3218,2283,631.8
2021-10-08,Indonesia -> Dhamra,Samarinda,Dhamra,Thermal Coal,Supramax,14.34,1190.2,2405,3218,2283,631.8
2021-10-08,South Africa -> Krishnapatnam,Richards Bay,Krishnapatnam,Coal,Panamax,21.26,1764.6,2405,3218,2283,631.8
2021-10-08,Australia -> Visakhapatnam,Newcastle,Visakhapatnam,Coking Coal,Panamax,23.79,1974.6,2405,3218,2283,631.8
2021-10-15,Australia -> Visakhapatnam,Port Hedland,Visakhapatnam,Iron Ore,Capesize,32.95,2734.9,2431,3307,2320,629.7
2021-10-15,Australia -> Paradip,Hay Point,Paradip,Coking Coal,Panamax,22.94,1904.0,2431,3307,2320,629.7
2021-10-15,Brazil -> Haldia,Tubarao,Haldia,Iron Ore,Capesize,42.14,3497.6,2431,3307,2320,629.7
2021-10-15,Indonesia -> Dhamra,Samarinda,Dhamra,Thermal Coal,Supramax,14.43,1197.7,2431,3307,2320,629.7
2021-10-15,South Africa -> Krishnapatnam,Richards Bay,Krishnapatnam,Coal,Panamax,21.83,1811.9,2431,3307,2320,629.7
2021-10-15,Australia -> Visakhapatnam,Newcastle,Visakhapatnam,Coking Coal,Panamax,23.63,1961.3,2431,3307,2320,629.7
2021-10-22,Australia -> Visakhapatnam,Port Hedland,Visakhapatnam,Iron Ore,Capesize,33.32,2765.6,2423,3285,2284,631.4
2021-10-22,Australia -> Paradip,Hay Point,Paradip,Coking Coal,Panamax,23.22,1927.3,2423,3285,2284,631.4
2021-10-22,Brazil -> Haldia,Tubarao,Haldia,Iron Ore,Capesize,42.67,3541.6,2423,3285,2284,631.4
2021-10-22,Indonesia -> Dhamra,Samarinda,Dhamra,Thermal Coal,Supramax,13.63,1131.3,2423,3285,2284,631.4
2021-10-22,South Africa -> Krishnapatnam,Richards Bay,Krishnapatnam,Coal,Panamax,21.61,1793.6,2423,3285,2284,631.4
2021-10-22,Australia -> Visakhapatnam,Newcastle,Visakhapatnam,Coking Coal,Panamax,24.67,2047.6,2423,3285,2284,631.4
2021-10-29,Australia -> Visakhapatnam,Port Hedland,Visakhapatnam,Iron Ore,Capesize,32.91,2731.5,2391,3220,2252,635.2
2021-10-29,Australia -> Paradip,Hay Point,Paradip,Coking Coal,Panamax,22.6,1875.8,2391,3220,2252,635.2
2021-10-29,Brazil -> Haldia,Tubarao,Haldia,Iron Ore,Capesize,41.45,3440.4,2391,3220,2252,635.2
2021-10-29,Indonesia -> Dhamra,Samarinda,Dhamra,Thermal Coal,Supramax,14.79,1227.6,2391,3220,2252,635.2
2021-10-29,South Africa -> Krishnapatnam,Richards Bay,Krishnapatnam,Coal,Panamax,20.86,1731.4,2391,3220,2252,635.2
2021-10-29,Australia -> Visakhapatnam,Newcastle,Visakhapatnam,Coking Coal,Panamax,24.4,2025.2,2391,3220,2252,635.2
2021-11-05,Australia -> Visakhapatnam,Port Hedland,Visakhapatnam,Iron Ore,Capesize,33.69,2796.3,2404,3295,2290,639.0
2021-11-05,Australia -> Paradip,Hay Point,Paradip,Coking Coal,Panamax,23.63,1961.3,2404,3295,2290,639.0
2021-11-05,Brazil -> Haldia,Tubarao,Haldia,Iron Ore,Capesize,42.44,3522.5,2404,3295,2290,639.0
2021-11-05,Indonesia -> Dhamra,Samarinda,Dhamra,Thermal Coal,Supramax,14.32,1188.6,2404,3295,2290,639.0
2021-11-05,South Africa -> Krishnapatnam,Richards Bay,Krishnapatnam,Coal,Panamax,21.57,1790.3,2404,3295,2290,639.0
2021-11-05,Australia -> Visakhapatnam,Newcastle,Visakhapatnam,Coking Coal,Panamax,24.13,2002.8,2404,3295,2290,639.0
2021-11-12,Australia -> Visakhapatnam,Port Hedland,Visakhapatnam,Iron Ore,Capesize,33.11,2748.1,2437,3314,2313,637.1
2021-11-12,Australia -> Paradip,Hay Point,Paradip,Coking Coal,Panamax,23.98,1990.3,2437,3314,2313,637.1
2021-11-12,Brazil -> Haldia,Tubarao,Haldia,Iron Ore,Capesize,43.08,3575.6,2437,3314,2313,637.1
2021-11-12,Indonesia -> Dhamra,Samarinda,Dhamra,Thermal Coal,Supramax,14.54,1206.8,2437,3314,2313,637.1
2021-11-12,South Africa -> Krishnapatnam,Richards Bay,Krishnapatnam,Coal,Panamax,21.53,1787.0,2437,3314,2313,637.1
2021-11-12,Australia -> Visakhapatnam,Newcastle,Visakhapatnam,Coking Coal,Panamax,24.01,1992.8,2437,3314,2313,637.1
2021-11-19,Australia -> Visakhapatnam,Port Hedland,Visakhapatnam,Iron Ore,Capesize,33.1,2747.3,2402,3222,2268,635.8
2021-11-19,Australia -> Paradip,Hay Point,Paradip,Coking Coal,Panamax,22.85,1896.6,2402,3222,2268,635.8
2021-11-19,Brazil -> Haldia,Tubarao,Haldia,Iron Ore,Capesize,41.62,3454.5,2402,3222,2268,635.8
2021-11-19,Indonesia -> Dhamra,Samarinda,Dhamra,Thermal Coal,Supramax,14.61,1212.6,2402,3222,2268,635.8
2021-11-19,South Africa -> Krishnapatnam,Richards Bay,Krishnapatnam,Coal,Panamax,21.35,1772.1,2402,3222,2268,635.8
2021-11-19,Australia -> Visakhapatnam,Newcastle,Visakhapatnam,Coking Coal,Panamax,23.33,1936.4,2402,3222,2268,635.8
2021-11-26,Australia -> Visakhapatnam,Port Hedland,Visakhapatnam,Iron Ore,Capesize,32.8,2722.4,2394,3237,2270,633.5
2021-11-26,Australia -> Paradip,Hay Point,Paradip,Coking Coal,Panamax,24.0,1992.0,2394,3237,2270,633.5
2021-11-26,Brazil -> Haldia,Tubarao,Haldia,Iron Ore,Capesize,42.05,3490.1,2394,3237,2270,633.5
2021-11-26,Indonesia -> Dhamra,Samarinda,Dhamra,Thermal Coal,Supramax,14.56,1208.5,2394,3237,2270,633.5
2021-11-26,South Africa -> Krishnapatnam,Richards Bay,Krishnapatnam,Coal,Panamax,21.53,1787.0,2394,3237,2270,633.5
2021-11-26,Australia -> Visakhapatnam,Newcastle,Visakhapatnam,Coking Coal,Panamax,24.37,2022.7,2394,3237,2270,633.5
2021-12-03,Australia -> Visakhapatnam,Port Hedland,Visakhapatnam,Iron Ore,Capesize,33.36,2768.9,2385,3170,2257,635.6
2021-12-03,Australia -> Paradip,Hay Point,Paradip,Coking Coal,Panamax,23.98,1990.3,2385,3170,2257,635.6
2021-12-03,Brazil -> Haldia,Tubarao,Haldia,Iron Ore,Capesize,41.61,3453.6,2385,3170,2257,635.6
2021-12-03,Indonesia -> Dhamra,Samarinda,Dhamra,Thermal Coal,Supramax,14.59,1211.0,2385,3170,2257,635.6
2021-12-03,South Africa -> Krishnapatnam,Richards Bay,Krishnapatnam,Coal,Panamax,20.94,1738.0,2385,3170,2257,635.6
2021-12-03,Australia -> Visakhapatnam,Newcastle,Visakhapatnam,Coking Coal,Panamax,24.02,1993.7,2385,3170,2257,635.6
2021-12-10,Australia -> Visakhapatnam,Port Hedland,Visakhapatnam,Iron Ore,Capesize,32.22,2674.3,2362,3161,2240,631.9
2021-12-10,Australia -> Paradip,Hay Point,Paradip,Coking Coal,Panamax,23.32,1935.6,2362,3161,2240,631.9
2021-12-10,Brazil -> Haldia,Tubarao,Haldia,Iron Ore,Capesize,41.19,3418.8,2362,3161,2240,631.9
2021-12-10,Indonesia -> Dhamra,Samarinda,Dhamra,Thermal Coal,Supramax,13.52,1122.2,2362,3161,2240,631.9
2021-12-10,South Africa -> Krishnapatnam,Richards Bay,Krishnapatnam,Coal,Panamax,20.62,1711.5,2362,3161,2240,631.9
2021-12-10,Australia -> Visakhapatnam,Newcastle,Visakhapatnam,Coking Coal,Panamax,23.03,1911.5,2362,3161,2240,631.9
2021-12-17,Australia -> Visakhapatnam,Port Hedland,Visakhapatnam,Iron Ore,Capesize,31.87,2645.2,2372,3155,2247,632.5
2021-12-17,Australia -> Paradip,Hay Point,Paradip,Coking Coal,Panamax,23.36,1938.9,2372,3155,2247,632.5
2021-12-17,Brazil -> Haldia,Tubarao,Haldia,Iron Ore,Capesize,40.94,3398.0,2372,3155,2247,632.5
2021-12-17,Indonesia -> Dhamra,Samarinda,Dhamra,Thermal Coal,Supramax,14.06,1167.0,2372,3155,2247,632.5
2021-12-17,South Africa -> Krishnapatnam,Richards Bay,Krishnapatnam,Coal,Panamax,20.04,1663.3,2372,3155,2247,632.5
2021-12-17,Australia -> Visakhapatnam,Newcastle,Visakhapatnam,Coking Coal,Panamax,23.53,1953.0,2372,3155,2247,632.5
2021-12-24,Australia -> Visakhapatnam,Port Hedland,Visakhapatnam,Iron Ore,Capesize,32.7,2714.1,2349,3153,2247,631.6
2021-12-24,Australia -> Paradip,Hay Point,Paradip,Coking Coal,Panamax,23.43,1944.7,2349,3153,2247,631.6
2021-12-24,Brazil -> Haldia,Tubarao,Haldia,Iron Ore,Capesize,40.71,3378.9,2349,3153,2247,631.6
2021-12-24,Indonesia -> Dhamra,Samarinda,Dhamra,Thermal Coal,Supramax,13.31,1104.7,2349,3153,2247,631.6
2021-12-24,South Africa -> Krishnapatnam,Richards Bay,Krishnapatnam,Coal,Panamax,19.79,1642.6,2349,3153,2247,631.6
2021-12-24,Australia -> Visakhapatnam,Newcastle,Visakhapatnam,Coking Coal,Panamax,23.55,1954.7,2349,3153,2247,631.6
2021-12-31,Australia -> Visakhapatnam,Port Hedland,Visakhapatnam,Iron Ore,Capesize,33.11,2748.1,2390,3211,2279,634.0
2021-12-31,Australia -> Paradip,Hay Point,Paradip,Coking Coal,Panamax,23.71,1967.9,2390,3211,2279,634.0
2021-12-31,Brazil -> Haldia,Tubarao,Haldia,Iron Ore,Capesize,42.55,3531.6,2390,3211,2279,634.0
2021-12-31,Indonesia -> Dhamra,Samarinda,Dhamra,Thermal Coal,Supramax,13.74,1140.4,2390,3211,2279,634.0
2021-12-31,South Africa -> Krishnapatnam,Richards Bay,Krishnapatnam,Coal,Panamax,20.15,1672.4,2390,3211,2279,634.0
2021-12-31,Australia -> Visakhapatnam,Newcastle,Visakhapatnam,Coking Coal,Panamax,23.35,1938.1,2390,3211,2279,634.0
2022-01-07,Australia -> Visakhapatnam,Port Hedland,Visakhapatnam,Iron Ore,Capesize,32.77,2719.9,2359,3202,2245,631.8
2022-01-07,Australia -> Paradip,Hay Point,Paradip,Coking Coal,Panamax,23.44,1945.5,2359,3202,2245,631.8
2022-01-07,Brazil -> Haldia,Tubarao,Haldia,Iron Ore,Capesize,40.77,3383.9,2359,3202,2245,631.8
2022-01-07,Indonesia -> Dhamra,Samarinda,Dhamra,Thermal Coal,Supramax,14.21,1179.4,2359,3202,2245,631.8
2022-01-07,South Africa -> Krishnapatnam,Richards Bay,Krishnapatnam,Coal,Panamax,21.05,1747.2,2359,3202,2245,631.8
2022-01-07,Australia -> Visakhapatnam,Newcastle,Visakhapatnam,Coking Coal,Panamax,22.98,1907.3,2359,3202,2245,631.8
2022-01-14,Australia -> Visakhapatnam,Port Hedland,Visakhapatnam,Iron Ore,Capesize,32.51,2698.3,2386,3268,2243,628.0
2022-01-14,Australia -> Paradip,Hay Point,Paradip,Coking Coal,Panamax,23.55,1954.7,2386,3268,2243,628.0
2022-01-14,Brazil -> Haldia,Tubarao,Haldia,Iron Ore,Capesize,42.5,3527.5,2386,3268,2243,628.0
2022-01-14,Indonesia -> Dhamra,Samarinda,Dhamra,Thermal Coal,Supramax,14.03,1164.5,2386,3268,2243,628.0
2022-01-14,South Africa -> Krishnapatnam,Richards Bay,Krishnapatnam,Coal,Panamax,21.23,1762.1,2386,3268,2243,628.0
2022-01-14,Australia -> Visakhapatnam,Newcastle,Visakhapatnam,Coking Coal,Panamax,23.19,1924.8,2386,3268,2243,628.0
2022-01-21,Australia -> Visakhapatnam,Port Hedland,Visakhapatnam,Iron Ore,Capesize,33.6,2788.8,2402,3256,2258,630.4
2022-01-21,Australia -> Paradip,Hay Point,Paradip,Coking Coal,Panamax,23.59,1958.0,2402,3256,2258,630.4
2022-01-21,Brazil -> Haldia,Tubarao,Haldia,Iron Ore,Capesize,41.44,3439.5,2402,3256,2258,630.4
2022-01-21,Indonesia -> Dhamra,Samarinda,Dhamra,Thermal Coal,Supramax,15.07,1250.8,2402,3256,2258,630.4
2022-01-21,South Africa -> Krishnapatnam,Richards Bay,Krishnapatnam,Coal,Panamax,21.47,1782.0,2402,3256,2258,630.4
2022-01-21,Australia -> Visakhapatnam,Newcastle,Visakhapatnam,Coking Coal,Panamax,23.78,1973.7,2402,3256,2258,630.4
2022-01-28,Australia -> Visakhapatnam,Port Hedland,Visakhapatnam,Iron Ore,Capesize,33.52,2782.2,2397,3223,2277,629.2
2022-01-28,Australia -> Paradip,Hay Point,Paradip,Coking Coal,Panamax,23.89,1982.9,2397,3223,2277,629.2
2022-01-28,Brazil -> Haldia,Tubarao,Haldia,Iron Ore,Capesize,41.32,3429.6,2397,3223,2277,629.2
2022-01-28,Indonesia -> Dhamra,Samarinda,Dhamra,Thermal Coal,Supramax,15.0,1245.0,2397,3223,2277,629.2
2022-01-28,South Africa -> Krishnapatnam,Richards Bay,Krishnapatnam,Coal,Panamax,21.19,1758.8,2397,3223,2277,629.2
2022-01-28,Australia -> Visakhapatnam,Newcastle,Visakhapatnam,Coking Coal,Panamax,24.5,2033.5,2397,3223,2277,629.2
2022-02-04,Australia -> Visakhapatnam,Port Hedland,Visakhapatnam,Iron Ore,Capesize,32.83,2724.9,2414,3253,2307,633.1
2022-02-04,Australia -> Paradip,Hay Point,Paradip,Coking Coal,Panamax,24.04,1995.3,2414,3253,2307,633.1
2022-02-04,Brazil -> Haldia,Tubarao,Haldia,Iron Ore,Capesize,42.32,3512.6,2414,3253,2307,633.1
2022-02-04,Indonesia -> Dhamra,Samarinda,Dhamra,Thermal Coal,Supramax,14.34,1190.2,2414,3253,2307,633.1
2022-02-04,South Africa -> Krishnapatnam,Richards Bay,Krishnapatnam,Coal,Panamax,21.03,1745.5,2414,3253,2307,633.1
2022-02-04,Australia -> Visakhapatnam,Newcastle,Visakhapatnam,Coking Coal,Panamax,24.52,2035.2,2414,3253,2307,633.1
2022-02-11,Australia -> Visakhapatnam,Port Hedland,Visakhapatnam,Iron Ore,Capesize,33.56,2785.5,2396,3270,2296,629.8
2022-02-11,Australia -> Paradip,Hay Point,Paradip,Coking Coal,Panamax,22.95,1904.8,2396,3270,2296,629.8
2022-02-11,Brazil -> Haldia,Tubarao,Haldia,Iron Ore,Capesize,41.88,3476.0,2396,3270,2296,629.8
2022-02-11,Indonesia -> Dhamra,Samarinda,Dhamra,Thermal Coal,Supramax,14.43,1197.7,2396,3270,2296,629.8
2022-02-11,South Africa -> Krishnapatnam,Richards Bay,Krishnapatnam,Coal,Panamax,20.77,1723.9,2396,3270,2296,629.8
2022-02-11,Australia -> Visakhapatnam,Newcastle,Visakhapatnam,Coking Coal,Panamax,23.21,1926.4,2396,3270,2296,629.8
2022-02-18,Australia -> Visakhapatnam,Port Hedland,Visakhapatnam,Iron Ore,Capesize,33.1,2747.3,2425,3242,2287,632.3
2022-02-18,Australia -> Paradip,Hay Point,Paradip,Coking Coal,Panamax,24.26,2013.6,2425,3242,2287,632.3
2022-02-18,Brazil -> Haldia,Tubarao,Haldia,Iron Ore,Capesize,42.77,3549.9,2425,3242,2287,632.3
2022-02-18,Indonesia -> Dhamra,Samarinda,Dhamra,Thermal Coal,Supramax,14.07,1167.8,2425,3242,2287,632.3
2022-02-18,South Africa -> Krishnapatnam,Richards Bay,Krishnapatnam,Coal,Panamax,20.44,1696.5,2425,3242,2287,632.3
2022-02-18,Australia -> Visakhapatnam,Newcastle,Visakhapatnam,Coking Coal,Panamax,24.97,2072.5,2425,3242,2287,632.3
2022-02-25,Australia -> Visakhapatnam,Port Hedland,Visakhapatnam,Iron Ore,Capesize,33.2,2755.6,2392,3251,2272,634.5
2022-02-25,Australia -> Paradip,Hay Point,Paradip,Coking Coal,Panamax,23.56,1955.5,2392,3251,2272,634.5
2022-02-25,Brazil -> Haldia,Tubarao,Haldia,Iron Ore,Capesize,41.85,3473.6,2392,3251,2272,634.5
2022-02-25,Indonesia -> Dhamra,Samarinda,Dhamra,Thermal Coal,Supramax,14.7,1220.1,2392,3251,2272,634.5
2022-02-25,South Africa -> Krishnapatnam,Richards Bay,Krishnapatnam,Coal,Panamax,20.28,1683.2,2392,3251,2272,634.5
2022-02-25,Australia -> Visakhapatnam,Newcastle,Visakhapatnam,Coking Coal,Panamax,23.48,1948.8,2392,3251,2272,634.5
2022-03-04,Australia -> Visakhapatnam,Port Hedland,Visakhapatnam,Iron Ore,Capesize,33.17,2753.1,2408,3232,2293,634.4
2022-03-04,Australia -> Paradip,Hay Point,Paradip,Coking Coal,Panamax,23.37,1939.7,2408,3232,2293,634.4
2022-03-04,Brazil -> Haldia,Tubarao,Haldia,Iron Ore,Capesize,42.55,3531.6,2408,3232,2293,634.4
2022-03-04,Indonesia -> Dhamra,Samarinda,Dhamra,Thermal Coal,Supramax,14.06,1167.0,2408,3232,2293,634.4
2022-03-04,South Africa -> Krishnapatnam,Richards Bay,Krishnapatnam,Coal,Panamax,21.4,1776.2,2408,3232,2293,634.4
2022-03-04,Australia -> Visakhapatnam,Newcastle,Visakhapatnam,Coking Coal,Panamax,23.72,1968.8,2408,3232,2293,634.4
2022-03-11,Australia -> Visakhapatnam,Port Hedland,Visakhapatnam,Iron Ore,Capesize,32.91,2731.5,2389,3187,2251,631.4
2022-03-11,Australia -> Paradip,Hay Point,Paradip,Coking Coal,Panamax,23.72,1968.8,2389,3187,2251,631.4
2022-03-11,Brazil -> Haldia,Tubarao,Haldia,Iron Ore,Capesize,41.31,3428.7,2389,3187,2251,631.4
2022-03-11,Indonesia -> Dhamra,Samarinda,Dhamra,Thermal Coal,Supramax,13.76,1142.1,2389,3187,2251,631.4
2022-03-11,South Africa -> Krishnapatnam,Richards Bay,Krishnapatnam,Coal,Panamax,20.88,1733.0,2389,3187,2251,631.4
2022-03-11,Australia -> Visakhapatnam,Newcastle,Visakhapatnam,Coking Coal,Panamax,24.25,2012.8,2389,3187,2251,631.4
2022-03-18,Australia -> Visakhapatnam,Port Hedland,Visakhapatnam,Iron Ore,Capesize,32.91,2731.5,2429,3281,2294,628.2
2022-03-18,Australia -> Paradip,Hay Point,Paradip,Coking Coal,Panamax,23.25,1929.8,2429,3281,2294,628.2
2022-03-18,Brazil -> Haldia,Tubarao,Haldia,Iron Ore,Capesize,42.0,3486.0,2429,3281,2294,628.2
2022-03-18,Indonesia -> Dhamra,Samarinda,Dhamra,Thermal Coal,Supramax,13.68,1135.4,2429,3281,2294,628.2
2022-03-18,South Africa -> Krishnapatnam,Richards Bay,Krishnapatnam,Coal,Panamax,21.31,1768.7,2429,3281,2294,628.2
2022-03-18,Australia -> Visakhapatnam,Newcastle,Visakhapatnam,Coking Coal,Panamax,23.93,1986.2,2429,3281,2294,628.2
2022-03-25,Australia -> Visakhapatnam,Port Hedland,Visakhapatnam,Iron Ore,Capesize,34.54,2866.8,2469,3338,2357,625.3
2022-03-25,Australia -> Paradip,Hay Point,Paradip,Coking Coal,Panamax,24.06,1997.0,2469,3338,2357,625.3
2022-03-25,Brazil -> Haldia,Tubarao,Haldia,Iron Ore,Capesize,43.81,3636.2,2469,3338,2357,625.3
2022-03-25,Indonesia -> Dhamra,Samarinda,Dhamra,Thermal Coal,Supramax,14.81,1229.2,2469,3338,2357,625.3
2022-03-25,South Africa -> Krishnapatnam,Richards Bay,Krishnapatnam,Coal,Panamax,21.56,1789.5,2469,3338,2357,625.3
2022-03-25,Australia -> Visakhapatnam,Newcastle,Visakhapatnam,Coking Coal,Panamax,24.6,2041.8,2469,3338,2357,625.3
2022-04-01,Australia -> Visakhapatnam,Port Hedland,Visakhapatnam,Iron Ore,Capesize,34.12,2832.0,2444,3254,2348,625.2
2022-04-01,Australia -> Paradip,Hay Point,Paradip,Coking Coal,Panamax,23.67,1964.6,2444,3254,2348,625.2
2022-04-01,Brazil -> Haldia,Tubarao,Haldia,Iron Ore,Capesize,42.09,3493.5,2444,3254,2348,625.2
2022-04-01,Indonesia -> Dhamra,Samarinda,Dhamra,Thermal Coal,Supramax,14.75,1224.2,2444,3254,2348,625.2
2022-04-01,South Africa -> Krishnapatnam,Richards Bay,Krishnapatnam,Coal,Panamax,20.67,1715.6,2444,3254,2348,625.2
2022-04-01,Australia -> Visakhapatnam,Newcastle,Visakhapatnam,Coking Coal,Panamax,23.88,1982.0,2444,3254,2348,625.2
2022-04-08,Australia -> Visakhapatnam,Port Hedland,Visakhapatnam,Iron Ore,Capesize,34.12,2832.0,2450,3288,2357,622.1
2022-04-08,Australia -> Paradip,Hay Point,Paradip,Coking Coal,Panamax,24.06,1997.0,2450,3288,2357,622.1
2022-04-08,Brazil -> Haldia,Tubarao,Haldia,Iron Ore,Capesize,43.35,3598.1,2450,3288,2357,622.1
2022-04-08,Indonesia -> Dhamra,Samarinda,Dhamra,Thermal Coal,Supramax,14.14,1173.6,2450,3288,2357,622.1
2022-04-08,South Africa -> Krishnapatnam,Richards Bay,Krishnapatnam,Coal,Panamax,21.48,1782.8,2450,3288,2357,622.1
2022-04-08,Australia -> Visakhapatnam,Newcastle,Visakhapatnam,Coking Coal,Panamax,24.42,2026.9,2450,3288,2357,622.1
2022-04-15,Australia -> Visakhapatnam,Port Hedland,Visakhapatnam,Iron Ore,Capesize,33.84,2808.7,2446,3339,2353,620.7
2022-04-15,Australia -> Paradip,Hay Point,Paradip,Coking Coal,Panamax,24.03,1994.5,2446,3339,2353,620.7
2022-04-15,Brazil -> Haldia,Tubarao,Haldia,Iron Ore,Capesize,43.2,3585.6,2446,3339,2353,620.7
2022-04-15,Indonesia -> Dhamra,Samarinda,Dhamra,Thermal Coal,Supramax,15.27,1267.4,2446,3339,2353,620.7
2022-04-15,South Africa -> Krishnapatnam,Richards Bay,Krishnapatnam,Coal,Panamax,20.94,1738.0,2446,3339,2353,620.7
2022-04-15,Australia -> Visakhapatnam,Newcastle,Visakhapatnam,Coking Coal,Panamax,24.01,1992.8,2446,3339,2353,620.7
2022-04-22,Australia -> Visakhapatnam,Port Hedland,Visakhapatnam,Iron Ore,Capesize,33.04,2742.3,2461,3288,2318,617.3
2022-04-22,Australia -> Paradip,Hay Point,Paradip,Coking Coal,Panamax,23.92,1985.4,2461,3288,2318,617.3
2022-04-22,Brazil -> Haldia,Tubarao,Haldia,Iron Ore,Capesize,43.22,3587.3,2461,3288,2318,617.3
2022-04-22,Indonesia -> Dhamra,Samarinda,Dhamra,Thermal Coal,Supramax,14.31,1187.7,2461,3288,2318,617.3
2022-04-22,South Africa -> Krishnapatnam,Richards Bay,Krishnapatnam,Coal,Panamax,21.11,1752.1,2461,3288,2318,617.3
2022-04-22,Australia -> Visakhapatnam,Newcastle,Visakhapatnam,Coking Coal,Panamax,24.94,2070.0,2461,3288,2318,617.3
2022-04-29,Australia -> Visakhapatnam,Port Hedland,Visakhapatnam,Iron Ore,Capesize,34.55,2867.6,2478,3342,2366,620.8
2022-04-29,Australia -> Paradip,Hay Point,Paradip,Coking Coal,Panamax,24.37,2022.7,2478,3342,2366,620.8
2022-04-29,Brazil -> Haldia,Tubarao,Haldia,Iron Ore,Capesize,43.64,3622.1,2478,3342,2366,620.8
2022-04-29,Indonesia -> Dhamra,Samarinda,Dhamra,Thermal Coal,Supramax,15.44,1281.5,2478,3342,2366,620.8
2022-04-29,South Africa -> Krishnapatnam,Richards Bay,Krishnapatnam,Coal,Panamax,21.57,1790.3,2478,3342,2366,620.8
2022-04-29,Australia -> Visakhapatnam,Newcastle,Visakhapatnam,Coking Coal,Panamax,24.86,2063.4,2478,3342,2366,620.8
2022-05-06,Australia -> Visakhapatnam,Port Hedland,Visakhapatnam,Iron Ore,Capesize,33.74,2800.4,2492,3405,2387,617.4
2022-05-06,Australia -> Paradip,Hay Point,Paradip,Coking Coal,Panamax,23.99,1991.2,2492,3405,2387,617.4
2022-05-06,Brazil -> Haldia,Tubarao,Haldia,Iron Ore,Capesize,44.01,3652.8,2492,3405,2387,617.4
2022-05-06,Indonesia -> Dhamra,Samarinda,Dhamra,Thermal Coal,Supramax,14.94,1240.0,2492,3405,2387,617.4
2022-05-06,South Africa -> Krishnapatnam,Richards Bay,Krishnapatnam,Coal,Panamax,21.47,1782.0,2492,3405,2387,617.4
2022-05-06,Australia -> Visakhapatnam,Newcastle,Visakhapatnam,Coking Coal,Panamax,24.32,2018.6,2492,3405,2387,617.4
2022-05-13,Australia -> Visakhapatnam,Port Hedland,Visakhapatnam,Iron Ore,Capesize,34.49,2862.7,2509,3407,2410,617.5
2022-05-13,Australia -> Paradip,Hay Point,Paradip,Coking Coal,Panamax,23.79,1974.6,2509,3407,2410,617.5
2022-05-13,Brazil -> Haldia,Tubarao,Haldia,Iron Ore,Capesize,43.17,3583.1,2509,3407,2410,617.5
2022-05-13,Indonesia -> Dhamra,Samarinda,Dhamra,Thermal Coal,Supramax,14.82,1230.1,2509,3407,2410,617.5
2022-05-13,South Africa -> Krishnapatnam,Richards Bay,Krishnapatnam,Coal,Panamax,21.67,1798.6,2509,3407,2410,617.5
2022-05-13,Australia -> Visakhapatnam,Newcastle,Visakhapatnam,Coking Coal,Panamax,24.69,2049.3,2509,3407,2410,617.5
2022-05-20,Australia -> Visakhapatnam,Port Hedland,Visakhapatnam,Iron Ore,Capesize,34.78,2886.7,2477,3390,2373,618.2
2022-05-20,Australia -> Paradip,Hay Point,Paradip,Coking Coal,Panamax,24.95,2070.8,2477,3390,2373,618.2
2022-05-20,Brazil -> Haldia,Tubarao,Haldia,Iron Ore,Capesize,43.62,3620.5,2477,3390,2373,618.2
2022-05-20,Indonesia -> Dhamra,Samarinda,Dhamra,Thermal Coal,Supramax,14.37,1192.7,2477,3390,2373,618.2
2022-05-20,South Africa -> Krishnapatnam,Richards Bay,Krishnapatnam,Coal,Panamax,20.94,1738.0,2477,3390,2373,618.2
2022-05-20,Australia -> Visakhapatnam,Newcastle,Visakhapatnam,Coking Coal,Panamax,25.18,2089.9,2477,3390,2373,618.2
2022-05-27,Australia -> Visakhapatnam,Port Hedland,Visakhapatnam,Iron Ore,Capesize,34.18,2836.9,2476,3357,2377,615.7
2022-05-27,Australia -> Paradip,Hay Point,Paradip,Coking Coal,Panamax,24.36,2021.9,2476,3357,2377,615.7
2022-05-27,Brazil -> Haldia,Tubarao,Haldia,Iron Ore,Capesize,43.32,3595.6,2476,3357,2377,615.7
2022-05-27,Indonesia -> Dhamra,Samarinda,Dhamra,Thermal Coal,Supramax,14.08,1168.6,2476,3357,2377,615.7
2022-05-27,South Africa -> Krishnapatnam,Richards Bay,Krishnapatnam,Coal,Panamax,21.42,1777.9,2476,3357,2377,615.7
2022-05-27,Australia -> Visakhapatnam,Newcastle,Visakhapatnam,Coking Coal,Panamax,24.49,2032.7,2476,3357,2377,615.7
2022-06-03,Australia -> Visakhapatnam,Port Hedland,Visakhapatnam,Iron Ore,Capesize,33.92,2815.4,2491,3399,2356,617.4
2022-06-03,Australia -> Paradip,Hay Point,Paradip,Coking Coal,Panamax,25.0,2075.0,2491,3399,2356,617.4
2022-06-03,Brazil -> Haldia,Tubarao,Haldia,Iron Ore,Capesize,44.1,3660.3,2491,3399,2356,617.4
2022-06-03,Indonesia -> Dhamra,Samarinda,Dhamra,Thermal Coal,Supramax,14.9,1236.7,2491,3399,2356,617.4
2022-06-03,South Africa -> Krishnapatnam,Richards Bay,Krishnapatnam,Coal,Panamax,21.73,1803.6,2491,3399,2356,617.4
2022-06-03,Australia -> Visakhapatnam,Newcastle,Visakhapatnam,Coking Coal,Panamax,24.62,2043.5,2491,3399,2356,617.4
2022-06-10,Australia -> Visakhapatnam,Port Hedland,Visakhapatnam,Iron Ore,Capesize,34.86,2893.4,2478,3393,2348,617.6
2022-06-10,Australia -> Paradip,Hay Point,Paradip,Coking Coal,Panamax,24.42,2026.9,2478,3393,2348,617.6
2022-06-10,Brazil -> Haldia,Tubarao,Haldia,Iron Ore,Capesize,43.44,3605.5,2478,3393,2348,617.6
2022-06-10,Indonesia -> Dhamra,Samarinda,Dhamra,Thermal Coal,Supramax,14.61,1212.6,2478,3393,2348,617.6
2022-06-10,South Africa -> Krishnapatnam,Richards Bay,Krishnapatnam,Coal,Panamax,21.19,1758.8,2478,3393,2348,617.6
2022-06-10,Australia -> Visakhapatnam,Newcastle,Visakhapatnam,Coking Coal,Panamax,24.56,2038.5,2478,3393,2348,617.6
2022-06-17,Australia -> Visakhapatnam,Port Hedland,Visakhapatnam,Iron Ore,Capesize,34.47,2861.0,2501,3389,2391,615.3
2022-06-17,Australia -> Paradip,Hay Point,Paradip,Coking Coal,Panamax,25.07,2080.8,2501,3389,2391,615.3
2022-06-17,Brazil -> Haldia,Tubarao,Haldia,Iron Ore,Capesize,43.67,3624.6,2501,3389,2391,615.3
2022-06-17,Indonesia -> Dhamra,Samarinda,Dhamra,Thermal Coal,Supramax,15.2,1261.6,2501,3389,2391,615.3
2022-06-17,South Africa -> Krishnapatnam,Richards Bay,Krishnapatnam,Coal,Panamax,21.28,1766.2,2501,3389,2391,615.3
2022-06-17,Australia -> Visakhapatnam,Newcastle,Visakhapatnam,Coking Coal,Panamax,25.77,2138.9,2501,3389,2391,615.3
2022-06-24,Australia -> Visakhapatnam,Port Hedland,Visakhapatnam,Iron Ore,Capesize,34.62,2873.5,2511,3364,2365,615.8
2022-06-24,Australia -> Paradip,Hay Point,Paradip,Coking Coal,Panamax,23.84,1978.7,2511,3364,2365,615.8
2022-06-24,Brazil -> Haldia,Tubarao,Haldia,Iron Ore,Capesize,44.75,3714.2,2511,3364,2365,615.8
2022-06-24,Indonesia -> Dhamra,Samarinda,Dhamra,Thermal Coal,Supramax,15.61,1295.6,2511,3364,2365,615.8
2022-06-24,South Africa -> Krishnapatnam,Richards Bay,Krishnapatnam,Coal,Panamax,21.92,1819.4,2511,3364,2365,615.8
2022-06-24,Australia -> Visakhapatnam,Newcastle,Visakhapatnam,Coking Coal,Panamax,24.51,2034.3,2511,3364,2365,615.8
2022-07-01,Australia -> Visakhapatnam,Port Hedland,Visakhapatnam,Iron Ore,Capesize,34.57,2869.3,2540,3429,2426,616.0
2022-07-01,Australia -> Paradip,Hay Point,Paradip,Coking Coal,Panamax,25.31,2100.7,2540,3429,2426,616.0
2022-07-01,Brazil -> Haldia,Tubarao,Haldia,Iron Ore,Capesize,45.23,3754.1,2540,3429,2426,616.0
2022-07-01,Indonesia -> Dhamra,Samarinda,Dhamra,Thermal Coal,Supramax,14.71,1220.9,2540,3429,2426,616.0
2022-07-01,South Africa -> Krishnapatnam,Richards Bay,Krishnapatnam,Coal,Panamax,22.31,1851.7,2540,3429,2426,616.0
2022-07-01,Australia -> Visakhapatnam,Newcastle,Visakhapatnam,Coking Coal,Panamax,25.22,2093.3,2540,3429,2426,616.0
2022-07-08,Australia -> Visakhapatnam,Port Hedland,Visakhapatnam,Iron Ore,Capesize,35.08,2911.6,2577,3480,2471,619.1
2022-07-08,Australia -> Paradip,Hay Point,Paradip,Coking Coal,Panamax,25.59,2124.0,2577,3480,2471,619.1
2022-07-08,Brazil -> Haldia,Tubarao,Haldia,Iron Ore,Capesize,44.97,3732.5,2577,3480,2471,619.1
2022-07-08,Indonesia -> Dhamra,Samarinda,Dhamra,Thermal Coal,Supramax,16.03,1330.5,2577,3480,2471,619.1
2022-07-08,South Africa -> Krishnapatnam,Richards Bay,Krishnapatnam,Coal,Panamax,22.56,1872.5,2577,3480,2471,619.1
2022-07-08,Australia -> Visakhapatnam,Newcastle,Visakhapatnam,Coking Coal,Panamax,26.29,2182.1,2577,3480,2471,619.1
2022-07-15,Australia -> Visakhapatnam,Port Hedland,Visakhapatnam,Iron Ore,Capesize,35.2,2921.6,2561,3437,2438,623.3
2022-07-15,Australia -> Paradip,Hay Point,Paradip,Coking Coal,Panamax,24.41,2026.0,2561,3437,2438,623.3
2022-07-15,Brazil -> Haldia,Tubarao,Haldia,Iron Ore,Capesize,44.88,3725.0,2561,3437,2438,623.3
2022-07-15,Indonesia -> Dhamra,Samarinda,Dhamra,Thermal Coal,Supramax,14.99,1244.2,2561,3437,2438,623.3
2022-07-15,South Africa -> Krishnapatnam,Richards Bay,Krishnapatnam,Coal,Panamax,22.49,1866.7,2561,3437,2438,623.3
2022-07-15,Australia -> Visakhapatnam,Newcastle,Visakhapatnam,Coking Coal,Panamax,25.68,2131.4,2561,3437,2438,623.3
2022-07-22,Australia -> Visakhapatnam,Port Hedland,Visakhapatnam,Iron Ore,Capesize,35.31,2930.7,2559,3437,2412,625.0
2022-07-22,Australia -> Paradip,Hay Point,Paradip,Coking Coal,Panamax,24.53,2036.0,2559,3437,2412,625.0
2022-07-22,Brazil -> Haldia,Tubarao,Haldia,Iron Ore,Capesize,45.23,3754.1,2559,3437,2412,625.0
2022-07-22,Indonesia -> Dhamra,Samarinda,Dhamra,Thermal Coal,Supramax,14.5,1203.5,2559,3437,2412,625.0
2022-07-22,South Africa -> Krishnapatnam,Richards Bay,Krishnapatnam,Coal,Panamax,22.79,1891.6,2559,3437,2412,625.0
2022-07-22,Australia -> Visakhapatnam,Newcastle,Visakhapatnam,Coking Coal,Panamax,25.92,2151.4,2559,3437,2412,625.0
2022-07-29,Australia -> Visakhapatnam,Port Hedland,Visakhapatnam,Iron Ore,Capesize,36.34,3016.2,2587,3481,2467,627.7
2022-07-29,Australia -> Paradip,Hay Point,Paradip,Coking Coal,Panamax,25.22,2093.3,2587,3481,2467,627.7
2022-07-29,Brazil -> Haldia,Tubarao,Haldia,Iron Ore,Capesize,44.53,3696.0,2587,3481,2467,627.7
2022-07-29,Indonesia -> Dhamra,Samarinda,Dhamra,Thermal Coal,Supramax,15.4,1278.2,2587,3481,2467,627.7
2022-07-29,South Africa -> Krishnapatnam,Richards Bay,Krishnapatnam,Coal,Panamax,22.78,1890.7,2587,3481,2467,627.7
2022-07-29,Australia -> Visakhapatnam,Newcastle,Visakhapatnam,Coking Coal,Panamax,26.46,2196.2,2587,3481,2467,627.7
2022-08-05,Australia -> Visakhapatnam,Port Hedland,Visakhapatnam,Iron Ore,Capesize,36.38,3019.5,2619,3530,2490,627.5
2022-08-05,Australia -> Paradip,Hay Point,Paradip,Coking Coal,Panamax,25.4,2108.2,2619,3530,2490,627.5
2022-08-05,Brazil -> Haldia,Tubarao,Haldia,Iron Ore,Capesize,46.09,3825.5,2619,3530,2490,627.5
2022-08-05,Indonesia -> Dhamra,Samarinda,Dhamra,Thermal Coal,Supramax,15.03,1247.5,2619,3530,2490,627.5
2022-08-05,South Africa -> Krishnapatnam,Richards Bay,Krishnapatnam,Coal,Panamax,22.87,1898.2,2619,3530,2490,627.5
2022-08-05,Australia -> Visakhapatnam,Newcastle,Visakhapatnam,Coking Coal,Panamax,26.95,2236.8,2619,3530,2490,627.5
2022-08-12,Australia -> Visakhapatnam,Port Hedland,Visakhapatnam,Iron Ore,Capesize,36.43,3023.7,2608,3540,2487,630.5
2022-08-12,Australia -> Paradip,Hay Point,Paradip,Coking Coal,Panamax,26.01,2158.8,2608,3540,2487,630.5
2022-08-12,Brazil -> Haldia,Tubarao,Haldia,Iron Ore,Capesize,45.46,3773.2,2608,3540,2487,630.5
2022-08-12,Indonesia -> Dhamra,Samarinda,Dhamra,Thermal Coal,Supramax,15.23,1264.1,2608,3540,2487,630.5
2022-08-12,South Africa -> Krishnapatnam,Richards Bay,Krishnapatnam,Coal,Panamax,23.18,1923.9,2608,3540,2487,630.5
2022-08-12,Australia -> Visakhapatnam,Newcastle,Visakhapatnam,Coking Coal,Panamax,26.5,2199.5,2608,3540,2487,630.5
2022-08-19,Australia -> Visakhapatnam,Port Hedland,Visakhapatnam,Iron Ore,Capesize,36.99,3070.2,2641,3519,2483,631.6
2022-08-19,Australia -> Paradip,Hay Point,Paradip,Coking Coal,Panamax,26.55,2203.7,2641,3519,2483,631.6
2022-08-19,Brazil -> Haldia,Tubarao,Haldia,Iron Ore,Capesize,46.62,3869.5,2641,3519,2483,631.6
2022-08-19,Indonesia -> Dhamra,Samarinda,Dhamra,Thermal Coal,Supramax,15.61,1295.6,2641,3519,2483,631.6
2022-08-19,South Africa -> Krishnapatnam,Richards Bay,Krishnapatnam,Coal,Panamax,22.47,1865.0,2641,3519,2483,631.6
2022-08-19,Australia -> Visakhapatnam,Newcastle,Visakhapatnam,Coking Coal,Panamax,26.63,2210.3,2641,3519,2483,631.6
2022-08-26,Australia -> Visakhapatnam,Port Hedland,Visakhapatnam,Iron Ore,Capesize,36.04,2991.3,2674,3604,2551,635.0
2022-08-26,Australia -> Paradip,Hay Point,Paradip,Coking Coal,Panamax,26.55,2203.7,2674,3604,2551,635.0
2022-08-26,Brazil -> Haldia,Tubarao,Haldia,Iron Ore,Capesize,46.46,3856.2,2674,3604,2551,635.0
2022-08-26,Indonesia -> Dhamra,Samarinda,Dhamra,Thermal Coal,Supramax,15.71,1303.9,2674,3604,2551,635.0
2022-08-26,South Africa -> Krishnapatnam,Richards Bay,Krishnapatnam,Coal,Panamax,22.83,1894.9,2674,3604,2551,635.0
2022-08-26,Australia -> Visakhapatnam,Newcastle,Visakhapatnam,Coking Coal,Panamax,26.79,2223.6,2674,3604,2551,635.0
2022-09-02,Australia -> Visakhapatnam,Port Hedland,Visakhapatnam,Iron Ore,Capesize,37.47,3110.0,2681,3649,2527,631.7
2022-09-02,Australia -> Paradip,Hay Point,Paradip,Coking Coal,Panamax,26.34,2186.2,2681,3649,2527,631.7
2022-09-02,Brazil -> Haldia,Tubarao,Haldia,Iron Ore,Capesize,46.51,3860.3,2681,3649,2527,631.7
2022-09-02,Indonesia -> Dhamra,Samarinda,Dhamra,Thermal Coal,Supramax,16.62,1379.5,2681,3649,2527,631.7
2022-09-02,South Africa -> Krishnapatnam,Richards Bay,Krishnapatnam,Coal,Panamax,22.89,1899.9,2681,3649,2527,631.7
2022-09-02,Australia -> Visakhapatnam,Newcastle,Visakhapatnam,Coking Coal,Panamax,26.75,2220.2,2681,3649,2527,631.7
2022-09-09,Australia -> Visakhapatnam,Port Hedland,Visakhapatnam,Iron Ore,Capesize,37.27,3093.4,2663,3571,2501,634.3
2022-09-09,Australia -> Paradip,Hay Point,Paradip,Coking Coal,Panamax,26.26,2179.6,2663,3571,2501,634.3
2022-09-09,Brazil -> Haldia,Tubarao,Haldia,Iron Ore,Capesize,46.07,3823.8,2663,3571,2501,634.3
2022-09-09,Indonesia -> Dhamra,Samarinda,Dhamra,Thermal Coal,Supramax,15.76,1308.1,2663,3571,2501,634.3
2022-09-09,South Africa -> Krishnapatnam,Richards Bay,Krishnapatnam,Coal,Panamax,23.06,1914.0,2663,3571,2501,634.3
2022-09-09,Australia -> Visakhapatnam,Newcastle,Visakhapatnam,Coking Coal,Panamax,26.78,2222.7,2663,3571,2501,634.3
2022-09-16,Australia -> Visakhapatnam,Port Hedland,Visakhapatnam,Iron Ore,Capesize,36.34,3016.2,2677,3607,2528,637.2
2022-09-16,Australia -> Paradip,Hay Point,Paradip,Coking Coal,Panamax,25.92,2151.4,2677,3607,2528,637.2
2022-09-16,Brazil -> Haldia,Tubarao,Haldia,Iron Ore,Capesize,46.83,3886.9,2677,3607,2528,637.2
2022-09-16,Indonesia -> Dhamra,Samarinda,Dhamra,Thermal Coal,Supramax,15.51,1287.3,2677,3607,2528,637.2
2022-09-16,South Africa -> Krishnapatnam,Richards Bay,Krishnapatnam,Coal,Panamax,23.54,1953.8,2677,3607,2528,637.2
2022-09-16,Australia -> Visakhapatnam,Newcastle,Visakhapatnam,Coking Coal,Panamax,26.9,2232.7,2677,3607,2528,637.2
2022-09-23,Australia -> Visakhapatnam,Port Hedland,Visakhapatnam,Iron Ore,Capesize,37.04,3074.3,2720,3652,2613,638.6
2022-09-23,Australia -> Paradip,Hay Point,Paradip,Coking Coal,Panamax,26.63,2210.3,2720,3652,2613,638.6
2022-09-23,Brazil -> Haldia,Tubarao,Haldia,Iron Ore,Capesize,47.9,3975.7,2720,3652,2613,638.6
2022-09-23,Indonesia -> Dhamra,Samarinda,Dhamra,Thermal Coal,Supramax,16.58,1376.1,2720,3652,2613,638.6
2022-09-23,South Africa -> Krishnapatnam,Richards Bay,Krishnapatnam,Coal,Panamax,23.08,1915.6,2720,3652,2613,638.6
2022-09-23,Australia -> Visakhapatnam,Newcastle,Visakhapatnam,Coking Coal,Panamax,27.37,2271.7,2720,3652,2613,638.6
2022-09-30,Australia -> Visakhapatnam,Port Hedland,Visakhapatnam,Iron Ore,Capesize,37.61,3121.6,2722,3715,2573,641.2
2022-09-30,Australia -> Paradip,Hay Point,Paradip,Coking Coal,Panamax,26.31,2183.7,2722,3715,2573,641.2
2022-09-30,Brazil -> Haldia,Tubarao,Haldia,Iron Ore,Capesize,47.86,3972.4,2722,3715,2573,641.2
2022-09-30,Indonesia -> Dhamra,Samarinda,Dhamra,Thermal Coal,Supramax,16.39,1360.4,2722,3715,2573,641.2
2022-09-30,South Africa -> Krishnapatnam,Richards Bay,Krishnapatnam,Coal,Panamax,24.11,2001.1,2722,3715,2573,641.2
2022-09-30,Australia -> Visakhapatnam,Newcastle,Visakhapatnam,Coking Coal,Panamax,27.58,2289.1,2722,3715,2573,641.2
2022-10-07,Australia -> Visakhapatnam,Port Hedland,Visakhapatnam,Iron Ore,Capesize,37.88,3144.0,2738,3730,2609,644.6
2022-10-07,Australia -> Paradip,Hay Point,Paradip,Coking Coal,Panamax,26.39,2190.4,2738,3730,2609,644.6
2022-10-07,Brazil -> Haldia,Tubarao,Haldia,Iron Ore,Capesize,47.82,3969.1,2738,3730,2609,644.6
2022-10-07,Indonesia -> Dhamra,Samarinda,Dhamra,Thermal Coal,Supramax,16.42,1362.9,2738,3730,2609,644.6
2022-10-07,South Africa -> Krishnapatnam,Richards Bay,Krishnapatnam,Coal,Panamax,24.33,2019.4,2738,3730,2609,644.6
2022-10-07,Australia -> Visakhapatnam,Newcastle,Visakhapatnam,Coking Coal,Panamax,26.73,2218.6,2738,3730,2609,644.6
2022-10-14,Australia -> Visakhapatnam,Port Hedland,Visakhapatnam,Iron Ore,Capesize,37.52,3114.2,2724,3702,2568,641.7
2022-10-14,Australia -> Paradip,Hay Point,Paradip,Coking Coal,Panamax,27.31,2266.7,2724,3702,2568,641.7
2022-10-14,Brazil -> Haldia,Tubarao,Haldia,Iron Ore,Capesize,47.72,3960.8,2724,3702,2568,641.7
2022-10-14,Indonesia -> Dhamra,Samarinda,Dhamra,Thermal Coal,Supramax,16.87,1400.2,2724,3702,2568,641.7
2022-10-14,South Africa -> Krishnapatnam,Richards Bay,Krishnapatnam,Coal,Panamax,24.36,2021.9,2724,3702,2568,641.7
2022-10-14,Australia -> Visakhapatnam,Newcastle,Visakhapatnam,Coking Coal,Panamax,26.85,2228.6,2724,3702,2568,641.7
2022-10-21,Australia -> Visakhapatnam,Port Hedland,Visakhapatnam,Iron Ore,Capesize,37.6,3120.8,2753,3715,2634,643.8
2022-10-21,Australia -> Paradip,Hay Point,Paradip,Coking Coal,Panamax,26.23,2177.1,2753,3715,2634,643.8
2022-10-21,Brazil -> Haldia,Tubarao,Haldia,Iron Ore,Capesize,48.92,4060.4,2753,3715,2634,643.8
2022-10-21,Indonesia -> Dhamra,Samarinda,Dhamra,Thermal Coal,Supramax,15.81,1312.2,2753,3715,2634,643.8
2022-10-21,South Africa -> Krishnapatnam,Richards Bay,Krishnapatnam,Coal,Panamax,24.84,2061.7,2753,3715,2634,643.8
2022-10-21,Australia -> Visakhapatnam,Newcastle,Visakhapatnam,Coking Coal,Panamax,28.11,2333.1,2753,3715,2634,643.8
2022-10-28,Australia -> Visakhapatnam,Port Hedland,Visakhapatnam,Iron Ore,Capesize,37.93,3148.2,2774,3793,2663,646.4
2022-10-28,Australia -> Paradip,Hay Point,Paradip,Coking Coal,Panamax,27.52,2284.2,2774,3793,2663,646.4
2022-10-28,Brazil -> Haldia,Tubarao,Haldia,Iron Ore,Capesize,47.77,3964.9,2774,3793,2663,646.4
2022-10-28,Indonesia -> Dhamra,Samarinda,Dhamra,Thermal Coal,Supramax,16.57,1375.3,2774,3793,2663,646.4
2022-10-28,South Africa -> Krishnapatnam,Richards Bay,Krishnapatnam,Coal,Panamax,24.2,2008.6,2774,3793,2663,646.4
2022-10-28,Australia -> Visakhapatnam,Newcastle,Visakhapatnam,Coking Coal,Panamax,28.02,2325.7,2774,3793,2663,646.4
2022-11-04,Australia -> Visakhapatnam,Port Hedland,Visakhapatnam,Iron Ore,Capesize,37.75,3133.2,2791,3776,2671,650.1
2022-11-04,Australia -> Paradip,Hay Point,Paradip,Coking Coal,Panamax,26.79,2223.6,2791,3776,2671,650.1
2022-11-04,Brazil -> Haldia,Tubarao,Haldia,Iron Ore,Capesize,48.09,3991.5,2791,3776,2671,650.1
2022-11-04,Indonesia -> Dhamra,Samarinda,Dhamra,Thermal Coal,Supramax,17.22,1429.3,2791,3776,2671,650.1
2022-11-04,South Africa -> Krishnapatnam,Richards Bay,Krishnapatnam,Coal,Panamax,24.52,2035.2,2791,3776,2671,650.1
2022-11-04,Australia -> Visakhapatnam,Newcastle,Visakhapatnam,Coking Coal,Panamax,28.58,2372.1,2791,3776,2671,650.1
2022-11-11,Australia -> Visakhapatnam,Port Hedland,Visakhapatnam,Iron Ore,Capesize,37.79,3136.6,2771,3697,2652,653.5
2022-11-11,Australia -> Paradip,Hay Point,Paradip,Coking Coal,Panamax,26.87,2230.2,2771,3697,2652,653.5
2022-11-11,Brazil -> Haldia,Tubarao,Haldia,Iron Ore,Capesize,47.92,3977.4,2771,3697,2652,653.5
2022-11-11,Indonesia -> Dhamra,Samarinda,Dhamra,Thermal Coal,Supramax,17.2,1427.6,2771,3697,2652,653.5
2022-11-11,South Africa -> Krishnapatnam,Richards Bay,Krishnapatnam,Coal,Panamax,23.94,1987.0,2771,3697,2652,653.5
2022-11-11,Australia -> Visakhapatnam,Newcastle,Visakhapatnam,Coking Coal,Panamax,27.7,2299.1,2771,3697,2652,653.5
2022-11-18,Australia -> Visakhapatnam,Port Hedland,Visakhapatnam,Iron Ore,Capesize,37.96,3150.7,2741,3739,2582,653.3
2022-11-18,Australia -> Paradip,Hay Point,Paradip,Coking Coal,Panamax,27.12,2251.0,2741,3739,2582,653.3
2022-11-18,Brazil -> Haldia,Tubarao,Haldia,Iron Ore,Capesize,48.68,4040.4,2741,3739,2582,653.3
2022-11-18,Indonesia -> Dhamra,Samarinda,Dhamra,Thermal Coal,Supramax,16.18,1342.9,2741,3739,2582,653.3
2022-11-18,South Africa -> Krishnapatnam,Richards Bay,Krishnapatnam,Coal,Panamax,24.37,2022.7,2741,3739,2582,653.3
2022-11-18,Australia -> Visakhapatnam,Newcastle,Visakhapatnam,Coking Coal,Panamax,26.86,2229.4,2741,3739,2582,653.3
2022-11-25,Australia -> Visakhapatnam,Port Hedland,Visakhapatnam,Iron Ore,Capesize,38.36,3183.9,2737,3655,2599,652.6
2022-11-25,Australia -> Paradip,Hay Point,Paradip,Coking Coal,Panamax,25.94,2153.0,2737,3655,2599,652.6
2022-11-25,Brazil -> Haldia,Tubarao,Haldia,Iron Ore,Capesize,47.69,3958.3,2737,3655,2599,652.6
2022-11-25,Indonesia -> Dhamra,Samarinda,Dhamra,Thermal Coal,Supramax,16.2,1344.6,2737,3655,2599,652.6
2022-11-25,South Africa -> Krishnapatnam,Richards Bay,Krishnapatnam,Coal,Panamax,24.67,2047.6,2737,3655,2599,652.6
2022-11-25,Australia -> Visakhapatnam,Newcastle,Visakhapatnam,Coking Coal,Panamax,27.94,2319.0,2737,3655,2599,652.6
2022-12-02,Australia -> Visakhapatnam,Port Hedland,Visakhapatnam,Iron Ore,Capesize,37.0,3071.0,2707,3673,2574,656.6
2022-12-02,Australia -> Paradip,Hay Point,Paradip,Coking Coal,Panamax,26.23,2177.1,2707,3673,2574,656.6
2022-12-02,Brazil -> Haldia,Tubarao,Haldia,Iron Ore,Capesize,46.88,3891.0,2707,3673,2574,656.6
2022-12-02,Indonesia -> Dhamra,Samarinda,Dhamra,Thermal Coal,Supramax,15.5,1286.5,2707,3673,2574,656.6
2022-12-02,South Africa -> Krishnapatnam,Richards Bay,Krishnapatnam,Coal,Panamax,24.25,2012.8,2707,3673,2574,656.6
2022-12-02,Australia -> Visakhapatnam,Newcastle,Visakhapatnam,Coking Coal,Panamax,27.0,2241.0,2707,3673,2574,656.6
2022-12-09,Australia -> Visakhapatnam,Port Hedland,Visakhapatnam,Iron Ore,Capesize,37.91,3146.5,2723,3691,2593,652.8
2022-12-09,Australia -> Paradip,Hay Point,Paradip,Coking Coal,Panamax,26.15,2170.4,2723,3691,2593,652.8
2022-12-09,Brazil -> Haldia,Tubarao,Haldia,Iron Ore,Capesize,47.07,3906.8,2723,3691,2593,652.8
2022-12-09,Indonesia -> Dhamra,Samarinda,Dhamra,Thermal Coal,Supramax,16.31,1353.7,2723,3691,2593,652.8
2022-12-09,South Africa -> Krishnapatnam,Richards Bay,Krishnapatnam,Coal,Panamax,23.14,1920.6,2723,3691,2593,652.8
2022-12-09,Australia -> Visakhapatnam,Newcastle,Visakhapatnam,Coking Coal,Panamax,27.66,2295.8,2723,3691,2593,652.8
2022-12-16,Australia -> Visakhapatnam,Port Hedland,Visakhapatnam,Iron Ore,Capesize,36.6,3037.8,2702,3620,2589,651.5
2022-12-16,Australia -> Paradip,Hay Point,Paradip,Coking Coal,Panamax,26.99,2240.2,2702,3620,2589,651.5
2022-12-16,Brazil -> Haldia,Tubarao,Haldia,Iron Ore,Capesize,46.5,3859.5,2702,3620,2589,651.5
2022-12-16,Indonesia -> Dhamra,Samarinda,Dhamra,Thermal Coal,Supramax,16.65,1381.9,2702,3620,2589,651.5
2022-12-16,South Africa -> Krishnapatnam,Richards Bay,Krishnapatnam,Coal,Panamax,23.08,1915.6,2702,3620,2589,651.5
2022-12-16,Australia -> Visakhapatnam,Newcastle,Visakhapatnam,Coking Coal,Panamax,26.44,2194.5,2702,3620,2589,651.5
2022-12-23,Australia -> Visakhapatnam,Port Hedland,Visakhapatnam,Iron Ore,Capesize,36.15,3000.4,2685,3592,2560,647.7
2022-12-23,Australia -> Paradip,Hay Point,Paradip,Coking Coal,Panamax,26.65,2211.9,2685,3592,2560,647.7
2022-12-23,Brazil -> Haldia,Tubarao,Haldia,Iron Ore,Capesize,46.58,3866.1,2685,3592,2560,647.7
2022-12-23,Indonesia -> Dhamra,Samarinda,Dhamra,Thermal Coal,Supramax,15.7,1303.1,2685,3592,2560,647.7
2022-12-23,South Africa -> Krishnapatnam,Richards Bay,Krishnapatnam,Coal,Panamax,22.98,1907.3,2685,3592,2560,647.7
2022-12-23,Australia -> Visakhapatnam,Newcastle,Visakhapatnam,Coking Coal,Panamax,26.14,2169.6,2685,3592,2560,647.7
2022-12-30,Australia -> Visakhapatnam,Port Hedland,Visakhapatnam,Iron Ore,Capesize,37.69,3128.3,2708,3659,2587,647.6
2022-12-30,Australia -> Paradip,Hay Point,Paradip,Coking Coal,Panamax,26.43,2193.7,2708,3659,2587,647.6
2022-12-30,Brazil -> Haldia,Tubarao,Haldia,Iron Ore,Capesize,46.77,3881.9,2708,3659,2587,647.6
2022-12-30,Indonesia -> Dhamra,Samarinda,Dhamra,Thermal Coal,Supramax,16.12,1338.0,2708,3659,2587,647.6
2022-12-30,South Africa -> Krishnapatnam,Richards Bay,Krishnapatnam,Coal,Panamax,24.41,2026.0,2708,3659,2587,647.6
2022-12-30,Australia -> Visakhapatnam,Newcastle,Visakhapatnam,Coking Coal,Panamax,26.35,2187.1,2708,3659,2587,647.6
2023-01-06,Australia -> Visakhapatnam,Port Hedland,Visakhapatnam,Iron Ore,Capesize,38.35,3183.1,2735,3729,2599,647.4
2023-01-06,Australia -> Paradip,Hay Point,Paradip,Coking Coal,Panamax,25.96,2154.7,2735,3729,2599,647.4
2023-01-06,Brazil -> Haldia,Tubarao,Haldia,Iron Ore,Capesize,47.83,3969.9,2735,3729,2599,647.4
2023-01-06,Indonesia -> Dhamra,Samarinda,Dhamra,Thermal Coal,Supramax,16.12,1338.0,2735,3729,2599,647.4
2023-01-06,South Africa -> Krishnapatnam,Richards Bay,Krishnapatnam,Coal,Panamax,24.23,2011.1,2735,3729,2599,647.4
2023-01-06,Australia -> Visakhapatnam,Newcastle,Visakhapatnam,Coking Coal,Panamax,27.34,2269.2,2735,3729,2599,647.4
2023-01-13,Australia -> Visakhapatnam,Port Hedland,Visakhapatnam,Iron Ore,Capesize,37.42,3105.9,2772,3699,2608,648.4
2023-01-13,Australia -> Paradip,Hay Point,Paradip,Coking Coal,Panamax,26.67,2213.6,2772,3699,2608,648.4
2023-01-13,Brazil -> Haldia,Tubarao,Haldia,Iron Ore,Capesize,48.72,4043.8,2772,3699,2608,648.4
2023-01-13,Indonesia -> Dhamra,Samarinda,Dhamra,Thermal Coal,Supramax,16.57,1375.3,2772,3699,2608,648.4
2023-01-13,South Africa -> Krishnapatnam,Richards Bay,Krishnapatnam,Coal,Panamax,23.98,1990.3,2772,3699,2608,648.4
2023-01-13,Australia -> Visakhapatnam,Newcastle,Visakhapatnam,Coking Coal,Panamax,28.51,2366.3,2772,3699,2608,648.4
2023-01-20,Australia -> Visakhapatnam,Port Hedland,Visakhapatnam,Iron Ore,Capesize,38.52,3197.2,2777,3745,2645,645.2
2023-01-20,Australia -> Paradip,Hay Point,Paradip,Coking Coal,Panamax,27.65,2294.9,2777,3745,2645,645.2
2023-01-20,Brazil -> Haldia,Tubarao,Haldia,Iron Ore,Capesize,48.86,4055.4,2777,3745,2645,645.2
2023-01-20,Indonesia -> Dhamra,Samarinda,Dhamra,Thermal Coal,Supramax,16.96,1407.7,2777,3745,2645,645.2
2023-01-20,South Africa -> Krishnapatnam,Richards Bay,Krishnapatnam,Coal,Panamax,24.66,2046.8,2777,3745,2645,645.2
2023-01-20,Australia -> Visakhapatnam,Newcastle,Visakhapatnam,Coking Coal,Panamax,27.32,2267.6,2777,3745,2645,645.2
2023-01-27,Australia -> Visakhapatnam,Port Hedland,Visakhapatnam,Iron Ore,Capesize,38.06,3159.0,2777,3722,2628,644.9
2023-01-27,Australia -> Paradip,Hay Point,Paradip,Coking Coal,Panamax,26.43,2193.7,2777,3722,2628,644.9
2023-01-27,Brazil -> Haldia,Tubarao,Haldia,Iron Ore,Capesize,48.49,4024.7,2777,3722,2628,644.9
2023-01-27,Indonesia -> Dhamra,Samarinda,Dhamra,Thermal Coal,Supramax,16.79,1393.6,2777,3722,2628,644.9
2023-01-27,South Africa -> Krishnapatnam,Richards Bay,Krishnapatnam,Coal,Panamax,24.1,2000.3,2777,3722,2628,644.9
2023-01-27,Australia -> Visakhapatnam,Newcastle,Visakhapatnam,Coking Coal,Panamax,27.22,2259.3,2777,3722,2628,644.9
2023-02-03,Australia -> Visakhapatnam,Port Hedland,Visakhapatnam,Iron Ore,Capesize,38.07,3159.8,2815,3757,2694,641.7
2023-02-03,Australia -> Paradip,Hay Point,Paradip,Coking Coal,Panamax,27.83,2309.9,2815,3757,2694,641.7
2023-02-03,Brazil -> Haldia,Tubarao,Haldia,Iron Ore,Capesize,49.77,4130.9,2815,3757,2694,641.7
2023-02-03,Indonesia -> Dhamra,Samarinda,Dhamra,Thermal Coal,Supramax,16.84,1397.7,2815,3757,2694,641.7
2023-02-03,South Africa -> Krishnapatnam,Richards Bay,Krishnapatnam,Coal,Panamax,24.78,2056.7,2815,3757,2694,641.7
2023-02-03,Australia -> Visakhapatnam,Newcastle,Visakhapatnam,Coking Coal,Panamax,28.25,2344.8,2815,3757,2694,641.7
2023-02-10,Australia -> Visakhapatnam,Port Hedland,Visakhapatnam,Iron Ore,Capesize,38.97,3234.5,2805,3749,2656,643.1
2023-02-10,Australia -> Paradip,Hay Point,Paradip,Coking Coal,Panamax,27.94,2319.0,2805,3749,2656,643.1
2023-02-10,Brazil -> Haldia,Tubarao,Haldia,Iron Ore,Capesize,49.45,4104.4,2805,3749,2656,643.1
2023-02-10,Indonesia -> Dhamra,Samarinda,Dhamra,Thermal Coal,Supramax,17.44,1447.5,2805,3749,2656,643.1
2023-02-10,South Africa -> Krishnapatnam,Richards Bay,Krishnapatnam,Coal,Panamax,24.71,2050.9,2805,3749,2656,643.1
2023-02-10,Australia -> Visakhapatnam,Newcastle,Visakhapatnam,Coking Coal,Panamax,27.82,2309.1,2805,3749,2656,643.1
2023-02-17,Australia -> Visakhapatnam,Port Hedland,Visakhapatnam,Iron Ore,Capesize,38.08,3160.6,2815,3771,2683,641.0
2023-02-17,Australia -> Paradip,Hay Point,Paradip,Coking Coal,Panamax,28.0,2324.0,2815,3771,2683,641.0
2023-02-17,Brazil -> Haldia,Tubarao,Haldia,Iron Ore,Capesize,49.06,4072.0,2815,3771,2683,641.0
2023-02-17,Indonesia -> Dhamra,Samarinda,Dhamra,Thermal Coal,Supramax,17.17,1425.1,2815,3771,2683,641.0
2023-02-17,South Africa -> Krishnapatnam,Richards Bay,Krishnapatnam,Coal,Panamax,24.75,2054.2,2815,3771,2683,641.0
2023-02-17,Australia -> Visakhapatnam,Newcastle,Visakhapatnam,Coking Coal,Panamax,28.64,2377.1,2815,3771,2683,641.0
2023-02-24,Australia -> Visakhapatnam,Port Hedland,Visakhapatnam,Iron Ore,Capesize,39.38,3268.5,2847,3891,2724,642.0
2023-02-24,Australia -> Paradip,Hay Point,Paradip,Coking Coal,Panamax,27.0,2241.0,2847,3891,2724,642.0
2023-02-24,Brazil -> Haldia,Tubarao,Haldia,Iron Ore,Capesize,50.51,4192.3,2847,3891,2724,642.0
2023-02-24,Indonesia -> Dhamra,Samarinda,Dhamra,Thermal Coal,Supramax,17.47,1450.0,2847,3891,2724,642.0
2023-02-24,South Africa -> Krishnapatnam,Richards Bay,Krishnapatnam,Coal,Panamax,24.54,2036.8,2847,3891,2724,642.0
2023-02-24,Australia -> Visakhapatnam,Newcastle,Visakhapatnam,Coking Coal,Panamax,27.96,2320.7,2847,3891,2724,642.0
2023-03-03,Australia -> Visakhapatnam,Port Hedland,Visakhapatnam,Iron Ore,Capesize,40.02,3321.7,2867,3852,2714,638.0
2023-03-03,Australia -> Paradip,Hay Point,Paradip,Coking Coal,Panamax,28.07,2329.8,2867,3852,2714,638.0
2023-03-03,Brazil -> Haldia,Tubarao,Haldia,Iron Ore,Capesize,50.02,4151.7,2867,3852,2714,638.0
2023-03-03,Indonesia -> Dhamra,Samarinda,Dhamra,Thermal Coal,Supramax,16.49,1368.7,2867,3852,2714,638.0
2023-03-03,South Africa -> Krishnapatnam,Richards Bay,Krishnapatnam,Coal,Panamax,25.3,2099.9,2867,3852,2714,638.0
2023-03-03,Australia -> Visakhapatnam,Newcastle,Visakhapatnam,Coking Coal,Panamax,27.93,2318.2,2867,3852,2714,638.0
2023-03-10,Australia -> Visakhapatnam,Port Hedland,Visakhapatnam,Iron Ore,Capesize,39.55,3282.6,2891,3875,2742,636.8
2023-03-10,Australia -> Paradip,Hay Point,Paradip,Coking Coal,Panamax,28.55,2369.7,2891,3875,2742,636.8
2023-03-10,Brazil -> Haldia,Tubarao,Haldia,Iron Ore,Capesize,51.05,4237.1,2891,3875,2742,636.8
2023-03-10,Indonesia -> Dhamra,Samarinda,Dhamra,Thermal Coal,Supramax,17.31,1436.7,2891,3875,2742,636.8
2023-03-10,South Africa -> Krishnapatnam,Richards Bay,Krishnapatnam,Coal,Panamax,24.64,2045.1,2891,3875,2742,636.8
2023-03-10,Australia -> Visakhapatnam,Newcastle,Visakhapatnam,Coking Coal,Panamax,28.2,2340.6,2891,3875,2742,636.8
2023-03-17,Australia -> Visakhapatnam,Port Hedland,Visakhapatnam,Iron Ore,Capesize,39.69,3294.3,2867,3882,2734,635.1
2023-03-17,Australia -> Paradip,Hay Point,Paradip,Coking Coal,Panamax,27.93,2318.2,2867,3882,2734,635.1
2023-03-17,Brazil -> Haldia,Tubarao,Haldia,Iron Ore,Capesize,50.09,4157.5,2867,3882,2734,635.1
2023-03-17,Indonesia -> Dhamra,Samarinda,Dhamra,Thermal Coal,Supramax,16.7,1386.1,2867,3882,2734,635.1
2023-03-17,South Africa -> Krishnapatnam,Richards Bay,Krishnapatnam,Coal,Panamax,25.5,2116.5,2867,3882,2734,635.1
2023-03-17,Australia -> Visakhapatnam,Newcastle,Visakhapatnam,Coking Coal,Panamax,28.06,2329.0,2867,3882,2734,635.1
2023-03-24,Australia -> Visakhapatnam,Port Hedland,Visakhapatnam,Iron Ore,Capesize,39.67,3292.6,2865,3846,2733,635.1
2023-03-24,Australia -> Paradip,Hay Point,Paradip,Coking Coal,Panamax,27.21,2258.4,2865,3846,2733,635.1
2023-03-24,Brazil -> Haldia,Tubarao,Haldia,Iron Ore,Capesize,49.98,4148.3,2865,3846,2733,635.1
2023-03-24,Indonesia -> Dhamra,Samarinda,Dhamra,Thermal Coal,Supramax,17.21,1428.4,2865,3846,2733,635.1
2023-03-24,South Africa -> Krishnapatnam,Richards Bay,Krishnapatnam,Coal,Panamax,24.29,2016.1,2865,3846,2733,635.1
2023-03-24,Australia -> Visakhapatnam,Newcastle,Visakhapatnam,Coking Coal,Panamax,28.34,2352.2,2865,3846,2733,635.1
2023-03-31,Australia -> Visakhapatnam,Port Hedland,Visakhapatnam,Iron Ore,Capesize,38.34,3182.2,2845,3805,2688,633.7
2023-03-31,Australia -> Paradip,Hay Point,Paradip,Coking Coal,Panamax,28.14,2335.6,2845,3805,2688,633.7
2023-03-31,Brazil -> Haldia,Tubarao,Haldia,Iron Ore,Capesize,49.28,4090.2,2845,3805,2688,633.7
2023-03-31,Indonesia -> Dhamra,Samarinda,Dhamra,Thermal Coal,Supramax,16.74,1389.4,2845,3805,2688,633.7
2023-03-31,South Africa -> Krishnapatnam,Richards Bay,Krishnapatnam,Coal,Panamax,25.23,2094.1,2845,3805,2688,633.7
2023-03-31,Australia -> Visakhapatnam,Newcastle,Visakhapatnam,Coking Coal,Panamax,28.46,2362.2,2845,3805,2688,633.7
2023-04-07,Australia -> Visakhapatnam,Port Hedland,Visakhapatnam,Iron Ore,Capesize,38.83,3222.9,2877,3914,2707,636.8
2023-04-07,Australia -> Paradip,Hay Point,Paradip,Coking Coal,Panamax,27.28,2264.2,2877,3914,2707,636.8
2023-04-07,Brazil -> Haldia,Tubarao,Haldia,Iron Ore,Capesize,51.03,4235.5,2877,3914,2707,636.8
2023-04-07,Indonesia -> Dhamra,Samarinda,Dhamra,Thermal Coal,Supramax,17.7,1469.1,2877,3914,2707,636.8
2023-04-07,South Africa -> Krishnapatnam,Richards Bay,Krishnapatnam,Coal,Panamax,25.3,2099.9,2877,3914,2707,636.8
2023-04-07,Australia -> Visakhapatnam,Newcastle,Visakhapatnam,Coking Coal,Panamax,28.89,2397.9,2877,3914,2707,636.8
2023-04-14,Australia -> Visakhapatnam,Port Hedland,Visakhapatnam,Iron Ore,Capesize,39.57,3284.3,2898,3904,2730,633.0
2023-04-14,Australia -> Paradip,Hay Point,Paradip,Coking Coal,Panamax,28.74,2385.4,2898,3904,2730,633.0
2023-04-14,Brazil -> Haldia,Tubarao,Haldia,Iron Ore,Capesize,50.91,4225.5,2898,3904,2730,633.0
2023-04-14,Indonesia -> Dhamra,Samarinda,Dhamra,Thermal Coal,Supramax,17.78,1475.7,2898,3904,2730,633.0
2023-04-14,South Africa -> Krishnapatnam,Richards Bay,Krishnapatnam,Coal,Panamax,26.03,2160.5,2898,3904,2730,633.0
2023-04-14,Australia -> Visakhapatnam,Newcastle,Visakhapatnam,Coking Coal,Panamax,28.33,2351.4,2898,3904,2730,633.0
2023-04-21,Australia -> Visakhapatnam,Port Hedland,Visakhapatnam,Iron Ore,Capesize,40.13,3330.8,2930,3931,2789,633.3
2023-04-21,Australia -> Paradip,Hay Point,Paradip,Coking Coal,Panamax,28.27,2346.4,2930,3931,2789,633.3
2023-04-21,Brazil -> Haldia,Tubarao,Haldia,Iron Ore,Capesize,51.03,4235.5,2930,3931,2789,633.3
2023-04-21,Indonesia -> Dhamra,Samarinda,Dhamra,Thermal Coal,Supramax,17.17,1425.1,2930,3931,2789,633.3
2023-04-21,South Africa -> Krishnapatnam,Richards Bay,Krishnapatnam,Coal,Panamax,25.11,2084.1,2930,3931,2789,633.3
2023-04-21,Australia -> Visakhapatnam,Newcastle,Visakhapatnam,Coking Coal,Panamax,29.33,2434.4,2930,3931,2789,633.3
2023-04-28,Australia -> Visakhapatnam,Port Hedland,Visakhapatnam,Iron Ore,Capesize,40.29,3344.1,2903,3920,2782,632.1
2023-04-28,Australia -> Paradip,Hay Point,Paradip,Coking Coal,Panamax,28.82,2392.1,2903,3920,2782,632.1
2023-04-28,Brazil -> Haldia,Tubarao,Haldia,Iron Ore,Capesize,51.32,4259.6,2903,3920,2782,632.1
2023-04-28,Indonesia -> Dhamra,Samarinda,Dhamra,Thermal Coal,Supramax,16.85,1398.6,2903,3920,2782,632.1
2023-04-28,South Africa -> Krishnapatnam,Richards Bay,Krishnapatnam,Coal,Panamax,24.84,2061.7,2903,3920,2782,632.1
2023-04-28,Australia -> Visakhapatnam,Newcastle,Visakhapatnam,Coking Coal,Panamax,28.55,2369.7,2903,3920,2782,632.1
2023-05-05,Australia -> Visakhapatnam,Port Hedland,Visakhapatnam,Iron Ore,Capesize,40.53,3364.0,2916,3962,2779,629.6
2023-05-05,Australia -> Paradip,Hay Point,Paradip,Coking Coal,Panamax,28.42,2358.9,2916,3962,2779,629.6
2023-05-05,Brazil -> Haldia,Tubarao,Haldia,Iron Ore,Capesize,51.44,4269.5,2916,3962,2779,629.6
2023-05-05,Indonesia -> Dhamra,Samarinda,Dhamra,Thermal Coal,Supramax,17.77,1474.9,2916,3962,2779,629.6
2023-05-05,South Africa -> Krishnapatnam,Richards Bay,Krishnapatnam,Coal,Panamax,25.43,2110.7,2916,3962,2779,629.6
2023-05-05,Australia -> Visakhapatnam,Newcastle,Visakhapatnam,Coking Coal,Panamax,29.84,2476.7,2916,3962,2779,629.6
2023-05-12,Australia -> Visakhapatnam,Port Hedland,Visakhapatnam,Iron Ore,Capesize,40.43,3355.7,2925,3963,2786,632.7
2023-05-12,Australia -> Paradip,Hay Point,Paradip,Coking Coal,Panamax,27.97,2321.5,2925,3963,2786,632.7
2023-05-12,Brazil -> Haldia,Tubarao,Haldia,Iron Ore,Capesize,50.51,4192.3,2925,3963,2786,632.7
2023-05-12,Indonesia -> Dhamra,Samarinda,Dhamra,Thermal Coal,Supramax,17.32,1437.6,2925,3963,2786,632.7
2023-05-12,South Africa -> Krishnapatnam,Richards Bay,Krishnapatnam,Coal,Panamax,25.29,2099.1,2925,3963,2786,632.7
2023-05-12,Australia -> Visakhapatnam,Newcastle,Visakhapatnam,Coking Coal,Panamax,28.9,2398.7,2925,3963,2786,632.7
2023-05-19,Australia -> Visakhapatnam,Port Hedland,Visakhapatnam,Iron Ore,Capesize,39.08,3243.6,2893,3907,2737,632.4
2023-05-19,Australia -> Paradip,Hay Point,Paradip,Coking Coal,Panamax,28.74,2385.4,2893,3907,2737,632.4
2023-05-19,Brazil -> Haldia,Tubarao,Haldia,Iron Ore,Capesize,49.96,4146.7,2893,3907,2737,632.4
2023-05-19,Indonesia -> Dhamra,Samarinda,Dhamra,Thermal Coal,Supramax,17.8,1477.4,2893,3907,2737,632.4
2023-05-19,South Africa -> Krishnapatnam,Richards Bay,Krishnapatnam,Coal,Panamax,25.89,2148.9,2893,3907,2737,632.4
2023-05-19,Australia -> Visakhapatnam,Newcastle,Visakhapatnam,Coking Coal,Panamax,29.12,2417.0,2893,3907,2737,632.4
2023-05-26,Australia -> Visakhapatnam,Port Hedland,Visakhapatnam,Iron Ore,Capesize,40.49,3360.7,2898,3909,2757,634.9
2023-05-26,Australia -> Paradip,Hay Point,Paradip,Coking Coal,Panamax,28.18,2338.9,2898,3909,2757,634.9
2023-05-26,Brazil -> Haldia,Tubarao,Haldia,Iron Ore,Capesize,51.22,4251.3,2898,3909,2757,634.9
2023-05-26,Indonesia -> Dhamra,Samarinda,Dhamra,Thermal Coal,Supramax,17.49,1451.7,2898,3909,2757,634.9
2023-05-26,South Africa -> Krishnapatnam,Richards Bay,Krishnapatnam,Coal,Panamax,25.08,2081.6,2898,3909,2757,634.9
2023-05-26,Australia -> Visakhapatnam,Newcastle,Visakhapatnam,Coking Coal,Panamax,28.95,2402.8,2898,3909,2757,634.9
2023-06-02,Australia -> Visakhapatnam,Port Hedland,Visakhapatnam,Iron Ore,Capesize,39.28,3260.2,2874,3836,2707,638.3
2023-06-02,Australia -> Paradip,Hay Point,Paradip,Coking Coal,Panamax,28.37,2354.7,2874,3836,2707,638.3
2023-06-02,Brazil -> Haldia,Tubarao,Haldia,Iron Ore,Capesize,50.31,4175.7,2874,3836,2707,638.3
2023-06-02,Indonesia -> Dhamra,Samarinda,Dhamra,Thermal Coal,Supramax,16.58,1376.1,2874,3836,2707,638.3
2023-06-02,South Africa -> Krishnapatnam,Richards Bay,Krishnapatnam,Coal,Panamax,24.75,2054.2,2874,3836,2707,638.3
2023-06-02,Australia -> Visakhapatnam,Newcastle,Visakhapatnam,Coking Coal,Panamax,28.65,2377.9,2874,3836,2707,638.3
2023-06-09,Australia -> Visakhapatnam,Port Hedland,Visakhapatnam,Iron Ore,Capesize,39.17,3251.1,2874,3882,2710,637.3
2023-06-09,Australia -> Paradip,Hay Point,Paradip,Coking Coal,Panamax,27.88,2314.0,2874,3882,2710,637.3
2023-06-09,Brazil -> Haldia,Tubarao,Haldia,Iron Ore,Capesize,50.04,4153.3,2874,3882,2710,637.3
2023-06-09,Indonesia -> Dhamra,Samarinda,Dhamra,Thermal Coal,Supramax,17.26,1432.6,2874,3882,2710,637.3
2023-06-09,South Africa -> Krishnapatnam,Richards Bay,Krishnapatnam,Coal,Panamax,25.61,2125.6,2874,3882,2710,637.3
2023-06-09,Australia -> Visakhapatnam,Newcastle,Visakhapatnam,Coking Coal,Panamax,28.98,2405.3,2874,3882,2710,637.3
2023-06-16,Australia -> Visakhapatnam,Port Hedland,Visakhapatnam,Iron Ore,Capesize,39.45,3274.4,2843,3797,2711,635.6
2023-06-16,Australia -> Paradip,Hay Point,Paradip,Coking Coal,Panamax,27.97,2321.5,2843,3797,2711,635.6
2023-06-16,Brazil -> Haldia,Tubarao,Haldia,Iron Ore,Capesize,50.41,4184.0,2843,3797,2711,635.6
2023-06-16,Indonesia -> Dhamra,Samarinda,Dhamra,Thermal Coal,Supramax,17.51,1453.3,2843,3797,2711,635.6
2023-06-16,South Africa -> Krishnapatnam,Richards Bay,Krishnapatnam,Coal,Panamax,24.61,2042.6,2843,3797,2711,635.6
2023-06-16,Australia -> Visakhapatnam,Newcastle,Visakhapatnam,Coking Coal,Panamax,28.57,2371.3,2843,3797,2711,635.6
2023-06-23,Australia -> Visakhapatnam,Port Hedland,Visakhapatnam,Iron Ore,Capesize,38.58,3202.1,2818,3789,2705,637.4
2023-06-23,Australia -> Paradip,Hay Point,Paradip,Coking Coal,Panamax,27.63,2293.3,2818,3789,2705,637.4
2023-06-23,Brazil -> Haldia,Tubarao,Haldia,Iron Ore,Capesize,50.03,4152.5,2818,3789,2705,637.4
2023-06-23,Indonesia -> Dhamra,Samarinda,Dhamra,Thermal Coal,Supramax,16.47,1367.0,2818,3789,2705,637.4
2023-06-23,South Africa -> Krishnapatnam,Richards Bay,Krishnapatnam,Coal,Panamax,24.46,2030.2,2818,3789,2705,637.4
2023-06-23,Australia -> Visakhapatnam,Newcastle,Visakhapatnam,Coking Coal,Panamax,28.65,2377.9,2818,3789,2705,637.4
2023-06-30,Australia -> Visakhapatnam,Port Hedland,Visakhapatnam,Iron Ore,Capesize,39.47,3276.0,2848,3863,2726,639.4
2023-06-30,Australia -> Paradip,Hay Point,Paradip,Coking Coal,Panamax,27.82,2309.1,2848,3863,2726,639.4
2023-06-30,Brazil -> Haldia,Tubarao,Haldia,Iron Ore,Capesize,50.09,4157.5,2848,3863,2726,639.4
2023-06-30,Indonesia -> Dhamra,Samarinda,Dhamra,Thermal Coal,Supramax,16.83,1396.9,2848,3863,2726,639.4
2023-06-30,South Africa -> Krishnapatnam,Richards Bay,Krishnapatnam,Coal,Panamax,24.71,2050.9,2848,3863,2726,639.4
2023-06-30,Australia -> Visakhapatnam,Newcastle,Visakhapatnam,Coking Coal,Panamax,28.27,2346.4,2848,3863,2726,639.4
2023-07-07,Australia -> Visakhapatnam,Port Hedland,Visakhapatnam,Iron Ore,Capesize,38.34,3182.2,2820,3778,2705,639.4
2023-07-07,Australia -> Paradip,Hay Point,Paradip,Coking Coal,Panamax,26.92,2234.4,2820,3778,2705,639.4
2023-07-07,Brazil -> Haldia,Tubarao,Haldia,Iron Ore,Capesize,48.67,4039.6,2820,3778,2705,639.4
2023-07-07,Indonesia -> Dhamra,Samarinda,Dhamra,Thermal Coal,Supramax,17.33,1438.4,2820,3778,2705,639.4
2023-07-07,South Africa -> Krishnapatnam,Richards Bay,Krishnapatnam,Coal,Panamax,24.04,1995.3,2820,3778,2705,639.4
2023-07-07,Australia -> Visakhapatnam,Newcastle,Visakhapatnam,Coking Coal,Panamax,28.63,2376.3,2820,3778,2705,639.4
2023-07-14,Australia -> Visakhapatnam,Port Hedland,Visakhapatnam,Iron Ore,Capesize,39.54,3281.8,2844,3878,2674,638.2
2023-07-14,Australia -> Paradip,Hay Point,Paradip,Coking Coal,Panamax,27.15,2253.4,2844,3878,2674,638.2
2023-07-14,Brazil -> Haldia,Tubarao,Haldia,Iron Ore,Capesize,49.59,4116.0,2844,3878,2674,638.2
2023-07-14,Indonesia -> Dhamra,Samarinda,Dhamra,Thermal Coal,Supramax,16.39,1360.4,2844,3878,2674,638.2
2023-07-14,South Africa -> Krishnapatnam,Richards Bay,Krishnapatnam,Coal,Panamax,25.42,2109.9,2844,3878,2674,638.2
2023-07-14,Australia -> Visakhapatnam,Newcastle,Visakhapatnam,Coking Coal,Panamax,28.88,2397.0,2844,3878,2674,638.2
2023-07-21,Australia -> Visakhapatnam,Port Hedland,Visakhapatnam,Iron Ore,Capesize,39.71,3295.9,2867,3837,2720,637.5
2023-07-21,Australia -> Paradip,Hay Point,Paradip,Coking Coal,Panamax,27.54,2285.8,2867,3837,2720,637.5
2023-07-21,Brazil -> Haldia,Tubarao,Haldia,Iron Ore,Capesize,50.09,4157.5,2867,3837,2720,637.5
2023-07-21,Indonesia -> Dhamra,Samarinda,Dhamra,Thermal Coal,Supramax,16.72,1387.8,2867,3837,2720,637.5
2023-07-21,South Africa -> Krishnapatnam,Richards Bay,Krishnapatnam,Coal,Panamax,25.49,2115.7,2867,3837,2720,637.5
2023-07-21,Australia -> Visakhapatnam,Newcastle,Visakhapatnam,Coking Coal,Panamax,28.59,2373.0,2867,3837,2720,637.5
2023-07-28,Australia -> Visakhapatnam,Port Hedland,Visakhapatnam,Iron Ore,Capesize,39.97,3317.5,2867,3852,2742,637.4
2023-07-28,Australia -> Paradip,Hay Point,Paradip,Coking Coal,Panamax,27.75,2303.2,2867,3852,2742,637.4
2023-07-28,Brazil -> Haldia,Tubarao,Haldia,Iron Ore,Capesize,50.9,4224.7,2867,3852,2742,637.4
2023-07-28,Indonesia -> Dhamra,Samarinda,Dhamra,Thermal Coal,Supramax,17.84,1480.7,2867,3852,2742,637.4
2023-07-28,South Africa -> Krishnapatnam,Richards Bay,Krishnapatnam,Coal,Panamax,25.03,2077.5,2867,3852,2742,637.4
2023-07-28,Australia -> Visakhapatnam,Newcastle,Visakhapatnam,Coking Coal,Panamax,28.33,2351.4,2867,3852,2742,637.4
2023-08-04,Australia -> Visakhapatnam,Port Hedland,Visakhapatnam,Iron Ore,Capesize,39.75,3299.2,2855,3857,2740,640.1
2023-08-04,Australia -> Paradip,Hay Point,Paradip,Coking Coal,Panamax,27.26,2262.6,2855,3857,2740,640.1
2023-08-04,Brazil -> Haldia,Tubarao,Haldia,Iron Ore,Capesize,49.57,4114.3,2855,3857,2740,640.1
2023-08-04,Indonesia -> Dhamra,Samarinda,Dhamra,Thermal Coal,Supramax,17.22,1429.3,2855,3857,2740,640.1
2023-08-04,South Africa -> Krishnapatnam,Richards Bay,Krishnapatnam,Coal,Panamax,25.59,2124.0,2855,3857,2740,640.1
2023-08-04,Australia -> Visakhapatnam,Newcastle,Visakhapatnam,Coking Coal,Panamax,28.64,2377.1,2855,3857,2740,640.1
2023-08-11,Australia -> Visakhapatnam,Port Hedland,Visakhapatnam,Iron Ore,Capesize,39.2,3253.6,2820,3842,2700,638.4
2023-08-11,Australia -> Paradip,Hay Point,Paradip,Coking Coal,Panamax,27.14,2252.6,2820,3842,2700,638.4
2023-08-11,Brazil -> Haldia,Tubarao,Haldia,Iron Ore,Capesize,50.01,4150.8,2820,3842,2700,638.4
2023-08-11,Indonesia -> Dhamra,Samarinda,Dhamra,Thermal Coal,Supramax,16.22,1346.3,2820,3842,2700,638.4
2023-08-11,South Africa -> Krishnapatnam,Richards Bay,Krishnapatnam,Coal,Panamax,24.58,2040.1,2820,3842,2700,638.4
2023-08-11,Australia -> Visakhapatnam,Newcastle,Visakhapatnam,Coking Coal,Panamax,28.92,2400.4,2820,3842,2700,638.4
2023-08-18,Australia -> Visakhapatnam,Port Hedland,Visakhapatnam,Iron Ore,Capesize,37.72,3130.8,2795,3769,2646,634.6
2023-08-18,Australia -> Paradip,Hay Point,Paradip,Coking Coal,Panamax,27.26,2262.6,2795,3769,2646,634.6
2023-08-18,Brazil -> Haldia,Tubarao,Haldia,Iron Ore,Capesize,48.5,4025.5,2795,3769,2646,634.6
2023-08-18,Indonesia -> Dhamra,Samarinda,Dhamra,Thermal Coal,Supramax,17.42,1445.9,2795,3769,2646,634.6
2023-08-18,South Africa -> Krishnapatnam,Richards Bay,Krishnapatnam,Coal,Panamax,24.26,2013.6,2795,3769,2646,634.6
2023-08-18,Australia -> Visakhapatnam,Newcastle,Visakhapatnam,Coking Coal,Panamax,27.2,2257.6,2795,3769,2646,634.6
2023-08-25,Australia -> Visakhapatnam,Port Hedland,Visakhapatnam,Iron Ore,Capesize,38.31,3179.7,2828,3852,2696,637.1
2023-08-25,Australia -> Paradip,Hay Point,Paradip,Coking Coal,Panamax,27.24,2260.9,2828,3852,2696,637.1
2023-08-25,Brazil -> Haldia,Tubarao,Haldia,Iron Ore,Capesize,50.03,4152.5,2828,3852,2696,637.1
2023-08-25,Indonesia -> Dhamra,Samarinda,Dhamra,Thermal Coal,Supramax,17.14,1422.6,2828,3852,2696,637.1
2023-08-25,South Africa -> Krishnapatnam,Richards Bay,Krishnapatnam,Coal,Panamax,24.17,2006.1,2828,3852,2696,637.1
2023-08-25,Australia -> Visakhapatnam,Newcastle,Visakhapatnam,Coking Coal,Panamax,28.61,2374.6,2828,3852,2696,637.1
2023-09-01,Australia -> Visakhapatnam,Port Hedland,Visakhapatnam,Iron Ore,Capesize,39.34,3265.2,2822,3760,2655,635.2
2023-09-01,Australia -> Paradip,Hay Point,Paradip,Coking Coal,Panamax,27.59,2290.0,2822,3760,2655,635.2
2023-09-01,Brazil -> Haldia,Tubarao,Haldia,Iron Ore,Capesize,49.75,4129.2,2822,3760,2655,635.2
2023-09-01,Indonesia -> Dhamra,Samarinda,Dhamra,Thermal Coal,Supramax,16.84,1397.7,2822,3760,2655,635.2
2023-09-01,South Africa -> Krishnapatnam,Richards Bay,Krishnapatnam,Coal,Panamax,24.07,1997.8,2822,3760,2655,635.2
2023-09-01,Australia -> Visakhapatnam,Newcastle,Visakhapatnam,Coking Coal,Panamax,27.88,2314.0,2822,3760,2655,635.2
2023-09-08,Australia -> Visakhapatnam,Port Hedland,Visakhapatnam,Iron Ore,Capesize,38.48,3193.8,2803,3739,2658,637.7
2023-09-08,Australia -> Paradip,Hay Point,Paradip,Coking Coal,Panamax,26.71,2216.9,2803,3739,2658,637.7
2023-09-08,Brazil -> Haldia,Tubarao,Haldia,Iron Ore,Capesize,49.71,4125.9,2803,3739,2658,637.7
2023-09-08,Indonesia -> Dhamra,Samarinda,Dhamra,Thermal Coal,Supramax,16.84,1397.7,2803,3739,2658,637.7
2023-09-08,South Africa -> Krishnapatnam,Richards Bay,Krishnapatnam,Coal,Panamax,23.76,1972.1,2803,3739,2658,637.7
2023-09-08,Australia -> Visakhapatnam,Newcastle,Visakhapatnam,Coking Coal,Panamax,28.06,2329.0,2803,3739,2658,637.7
2023-09-15,Australia -> Visakhapatnam,Port Hedland,Visakhapatnam,Iron Ore,Capesize,37.81,3138.2,2780,3717,2636,638.8
2023-09-15,Australia -> Paradip,Hay Point,Paradip,Coking Coal,Panamax,26.97,2238.5,2780,3717,2636,638.8
2023-09-15,Brazil -> Haldia,Tubarao,Haldia,Iron Ore,Capesize,48.92,4060.4,2780,3717,2636,638.8
2023-09-15,Indonesia -> Dhamra,Samarinda,Dhamra,Thermal Coal,Supramax,15.88,1318.0,2780,3717,2636,638.8
2023-09-15,South Africa -> Krishnapatnam,Richards Bay,Krishnapatnam,Coal,Panamax,25.09,2082.5,2780,3717,2636,638.8
2023-09-15,Australia -> Visakhapatnam,Newcastle,Visakhapatnam,Coking Coal,Panamax,27.11,2250.1,2780,3717,2636,638.8
2023-09-22,Australia -> Visakhapatnam,Port Hedland,Visakhapatnam,Iron Ore,Capesize,38.05,3158.1,2780,3754,2670,639.3
2023-09-22,Australia -> Paradip,Hay Point,Paradip,Coking Coal,Panamax,27.06,2246.0,2780,3754,2670,639.3
2023-09-22,Brazil -> Haldia,Tubarao,Haldia,Iron Ore,Capesize,48.87,4056.2,2780,3754,2670,639.3
2023-09-22,Indonesia -> Dhamra,Samarinda,Dhamra,Thermal Coal,Supramax,17.31,1436.7,2780,3754,2670,639.3
2023-09-22,South Africa -> Krishnapatnam,Richards Bay,Krishnapatnam,Coal,Panamax,23.93,1986.2,2780,3754,2670,639.3
2023-09-22,Australia -> Visakhapatnam,Newcastle,Visakhapatnam,Coking Coal,Panamax,27.03,2243.5,2780,3754,2670,639.3
2023-09-29,Australia -> Visakhapatnam,Port Hedland,Visakhapatnam,Iron Ore,Capesize,38.96,3233.7,2801,3767,2675,640.5
2023-09-29,Australia -> Paradip,Hay Point,Paradip,Coking Coal,Panamax,27.7,2299.1,2801,3767,2675,640.5
2023-09-29,Brazil -> Haldia,Tubarao,Haldia,Iron Ore,Capesize,48.77,4047.9,2801,3767,2675,640.5
2023-09-29,Indonesia -> Dhamra,Samarinda,Dhamra,Thermal Coal,Supramax,15.94,1323.0,2801,3767,2675,640.5
2023-09-29,South Africa -> Krishnapatnam,Richards Bay,Krishnapatnam,Coal,Panamax,24.59,2041.0,2801,3767,2675,640.5
2023-09-29,Australia -> Visakhapatnam,Newcastle,Visakhapatnam,Coking Coal,Panamax,28.52,2367.2,2801,3767,2675,640.5
2023-10-06,Australia -> Visakhapatnam,Port Hedland,Visakhapatnam,Iron Ore,Capesize,38.34,3182.2,2773,3771,2632,642.2
2023-10-06,Australia -> Paradip,Hay Point,Paradip,Coking Coal,Panamax,27.54,2285.8,2773,3771,2632,642.2
2023-10-06,Brazil -> Haldia,Tubarao,Haldia,Iron Ore,Capesize,47.83,3969.9,2773,3771,2632,642.2
2023-10-06,Indonesia -> Dhamra,Samarinda,Dhamra,Thermal Coal,Supramax,16.94,1406.0,2773,3771,2632,642.2
2023-10-06,South Africa -> Krishnapatnam,Richards Bay,Krishnapatnam,Coal,Panamax,24.2,2008.6,2773,3771,2632,642.2
2023-10-06,Australia -> Visakhapatnam,Newcastle,Visakhapatnam,Coking Coal,Panamax,27.4,2274.2,2773,3771,2632,642.2
2023-10-13,Australia -> Visakhapatnam,Port Hedland,Visakhapatnam,Iron Ore,Capesize,37.62,3122.5,2734,3660,2569,645.8
2023-10-13,Australia -> Paradip,Hay Point,Paradip,Coking Coal,Panamax,27.44,2277.5,2734,3660,2569,645.8
2023-10-13,Brazil -> Haldia,Tubarao,Haldia,Iron Ore,Capesize,47.91,3976.5,2734,3660,2569,645.8
2023-10-13,Indonesia -> Dhamra,Samarinda,Dhamra,Thermal Coal,Supramax,15.87,1317.2,2734,3660,2569,645.8
2023-10-13,South Africa -> Krishnapatnam,Richards Bay,Krishnapatnam,Coal,Panamax,24.33,2019.4,2734,3660,2569,645.8
2023-10-13,Australia -> Visakhapatnam,Newcastle,Visakhapatnam,Coking Coal,Panamax,26.85,2228.6,2734,3660,2569,645.8
2023-10-20,Australia -> Visakhapatnam,Port Hedland,Visakhapatnam,Iron Ore,Capesize,36.81,3055.2,2720,3700,2606,644.6
2023-10-20,Australia -> Paradip,Hay Point,Paradip,Coking Coal,Panamax,26.31,2183.7,2720,3700,2606,644.6
2023-10-20,Brazil -> Haldia,Tubarao,Haldia,Iron Ore,Capesize,48.23,4003.1,2720,3700,2606,644.6
2023-10-20,Indonesia -> Dhamra,Samarinda,Dhamra,Thermal Coal,Supramax,16.58,1376.1,2720,3700,2606,644.6
2023-10-20,South Africa -> Krishnapatnam,Richards Bay,Krishnapatnam,Coal,Panamax,24.44,2028.5,2720,3700,2606,644.6
2023-10-20,Australia -> Visakhapatnam,Newcastle,Visakhapatnam,Coking Coal,Panamax,27.02,2242.7,2720,3700,2606,644.6
2023-10-27,Australia -> Visakhapatnam,Port Hedland,Visakhapatnam,Iron Ore,Capesize,37.95,3149.9,2757,3722,2619,648.1
2023-10-27,Australia -> Paradip,Hay Point,Paradip,Coking Coal,Panamax,27.37,2271.7,2757,3722,2619,648.1
2023-10-27,Brazil -> Haldia,Tubarao,Haldia,Iron Ore,Capesize,48.62,4035.5,2757,3722,2619,648.1
2023-10-27,Indonesia -> Dhamra,Samarinda,Dhamra,Thermal Coal,Supramax,15.73,1305.6,2757,3722,2619,648.1
2023-10-27,South Africa -> Krishnapatnam,Richards Bay,Krishnapatnam,Coal,Panamax,24.29,2016.1,2757,3722,2619,648.1
2023-10-27,Australia -> Visakhapatnam,Newcastle,Visakhapatnam,Coking Coal,Panamax,28.09,2331.5,2757,3722,2619,648.1
2023-11-03,Australia -> Visakhapatnam,Port Hedland,Visakhapatnam,Iron Ore,Capesize,37.63,3123.3,2759,3707,2596,649.6
2023-11-03,Australia -> Paradip,Hay Point,Paradip,Coking Coal,Panamax,27.07,2246.8,2759,3707,2596,649.6
2023-11-03,Brazil -> Haldia,Tubarao,Haldia,Iron Ore,Capesize,48.17,3998.1,2759,3707,2596,649.6
2023-11-03,Indonesia -> Dhamra,Samarinda,Dhamra,Thermal Coal,Supramax,16.72,1387.8,2759,3707,2596,649.6
2023-11-03,South Africa -> Krishnapatnam,Richards Bay,Krishnapatnam,Coal,Panamax,23.91,1984.5,2759,3707,2596,649.6
2023-11-03,Australia -> Visakhapatnam,Newcastle,Visakhapatnam,Coking Coal,Panamax,26.86,2229.4,2759,3707,2596,649.6
2023-11-10,Australia -> Visakhapatnam,Port Hedland,Visakhapatnam,Iron Ore,Capesize,39.1,3245.3,2788,3749,2678,647.8
2023-11-10,Australia -> Paradip,Hay Point,Paradip,Coking Coal,Panamax,27.9,2315.7,2788,3749,2678,647.8
2023-11-10,Brazil -> Haldia,Tubarao,Haldia,Iron Ore,Capesize,48.11,3993.1,2788,3749,2678,647.8
2023-11-10,Indonesia -> Dhamra,Samarinda,Dhamra,Thermal Coal,Supramax,16.81,1395.2,2788,3749,2678,647.8
2023-11-10,South Africa -> Krishnapatnam,Richards Bay,Krishnapatnam,Coal,Panamax,24.18,2006.9,2788,3749,2678,647.8
2023-11-10,Australia -> Visakhapatnam,Newcastle,Visakhapatnam,Coking Coal,Panamax,28.36,2353.9,2788,3749,2678,647.8
2023-11-17,Australia -> Visakhapatnam,Port Hedland,Visakhapatnam,Iron Ore,Capesize,38.97,3234.5,2801,3826,2639,648.8
2023-11-17,Australia -> Paradip,Hay Point,Paradip,Coking Coal,Panamax,26.57,2205.3,2801,3826,2639,648.8
2023-11-17,Brazil -> Haldia,Tubarao,Haldia,Iron Ore,Capesize,48.33,4011.4,2801,3826,2639,648.8
2023-11-17,Indonesia -> Dhamra,Samarinda,Dhamra,Thermal Coal,Supramax,17.11,1420.1,2801,3826,2639,648.8
2023-11-17,South Africa -> Krishnapatnam,Richards Bay,Krishnapatnam,Coal,Panamax,24.3,2016.9,2801,3826,2639,648.8
2023-11-17,Australia -> Visakhapatnam,Newcastle,Visakhapatnam,Coking Coal,Panamax,27.82,2309.1,2801,3826,2639,648.8
2023-11-24,Australia -> Visakhapatnam,Port Hedland,Visakhapatnam,Iron Ore,Capesize,38.37,3184.7,2805,3797,2675,652.6
2023-11-24,Australia -> Paradip,Hay Point,Paradip,Coking Coal,Panamax,27.77,2304.9,2805,3797,2675,652.6
2023-11-24,Brazil -> Haldia,Tubarao,Haldia,Iron Ore,Capesize,49.21,4084.4,2805,3797,2675,652.6
2023-11-24,Indonesia -> Dhamra,Samarinda,Dhamra,Thermal Coal,Supramax,16.74,1389.4,2805,3797,2675,652.6
2023-11-24,South Africa -> Krishnapatnam,Richards Bay,Krishnapatnam,Coal,Panamax,24.38,2023.5,2805,3797,2675,652.6
2023-11-24,Australia -> Visakhapatnam,Newcastle,Visakhapatnam,Coking Coal,Panamax,28.29,2348.1,2805,3797,2675,652.6
2023-12-01,Australia -> Visakhapatnam,Port Hedland,Visakhapatnam,Iron Ore,Capesize,38.09,3161.5,2783,3718,2658,652.7
2023-12-01,Australia -> Paradip,Hay Point,Paradip,Coking Coal,Panamax,27.23,2260.1,2783,3718,2658,652.7
2023-12-01,Brazil -> Haldia,Tubarao,Haldia,Iron Ore,Capesize,48.32,4010.6,2783,3718,2658,652.7
2023-12-01,Indonesia -> Dhamra,Samarinda,Dhamra,Thermal Coal,Supramax,16.18,1342.9,2783,3718,2658,652.7
2023-12-01,South Africa -> Krishnapatnam,Richards Bay,Krishnapatnam,Coal,Panamax,24.27,2014.4,2783,3718,2658,652.7
2023-12-01,Australia -> Visakhapatnam,Newcastle,Visakhapatnam,Coking Coal,Panamax,28.63,2376.3,2783,3718,2658,652.7
2023-12-08,Australia -> Visakhapatnam,Port Hedland,Visakhapatnam,Iron Ore,Capesize,38.57,3201.3,2764,3773,2625,649.7
2023-12-08,Australia -> Paradip,Hay Point,Paradip,Coking Coal,Panamax,26.87,2230.2,2764,3773,2625,649.7
2023-12-08,Brazil -> Haldia,Tubarao,Haldia,Iron Ore,Capesize,49.01,4067.8,2764,3773,2625,649.7
2023-12-08,Indonesia -> Dhamra,Samarinda,Dhamra,Thermal Coal,Supramax,16.36,1357.9,2764,3773,2625,649.7
2023-12-08,South Africa -> Krishnapatnam,Richards Bay,Krishnapatnam,Coal,Panamax,23.53,1953.0,2764,3773,2625,649.7
2023-12-08,Australia -> Visakhapatnam,Newcastle,Visakhapatnam,Coking Coal,Panamax,27.93,2318.2,2764,3773,2625,649.7
2023-12-15,Australia -> Visakhapatnam,Port Hedland,Visakhapatnam,Iron Ore,Capesize,38.44,3190.5,2791,3749,2642,646.2
2023-12-15,Australia -> Paradip,Hay Point,Paradip,Coking Coal,Panamax,27.84,2310.7,2791,3749,2642,646.2
2023-12-15,Brazil -> Haldia,Tubarao,Haldia,Iron Ore,Capesize,49.41,4101.0,2791,3749,2642,646.2
2023-12-15,Indonesia -> Dhamra,Samarinda,Dhamra,Thermal Coal,Supramax,16.95,1406.8,2791,3749,2642,646.2
2023-12-15,South Africa -> Krishnapatnam,Richards Bay,Krishnapatnam,Coal,Panamax,25.11,2084.1,2791,3749,2642,646.2
2023-12-15,Australia -> Visakhapatnam,Newcastle,Visakhapatnam,Coking Coal,Panamax,28.13,2334.8,2791,3749,2642,646.2
2023-12-22,Australia -> Visakhapatnam,Port Hedland,Visakhapatnam,Iron Ore,Capesize,38.11,3163.1,2813,3799,2650,643.8
2023-12-22,Australia -> Paradip,Hay Point,Paradip,Coking Coal,Panamax,27.9,2315.7,2813,3799,2650,643.8
2023-12-22,Brazil -> Haldia,Tubarao,Haldia,Iron Ore,Capesize,48.48,4023.8,2813,3799,2650,643.8
2023-12-22,Indonesia -> Dhamra,Samarinda,Dhamra,Thermal Coal,Supramax,16.83,1396.9,2813,3799,2650,643.8
2023-12-22,South Africa -> Krishnapatnam,Richards Bay,Krishnapatnam,Coal,Panamax,24.41,2026.0,2813,3799,2650,643.8
2023-12-22,Australia -> Visakhapatnam,Newcastle,Visakhapatnam,Coking Coal,Panamax,28.62,2375.5,2813,3799,2650,643.8
2023-12-29,Australia -> Visakhapatnam,Port Hedland,Visakhapatnam,Iron Ore,Capesize,39.53,3281.0,2816,3813,2651,642.4
2023-12-29,Australia -> Paradip,Hay Point,Paradip,Coking Coal,Panamax,27.81,2308.2,2816,3813,2651,642.4
2023-12-29,Brazil -> Haldia,Tubarao,Haldia,Iron Ore,Capesize,49.33,4094.4,2816,3813,2651,642.4
2023-12-29,Indonesia -> Dhamra,Samarinda,Dhamra,Thermal Coal,Supramax,17.19,1426.8,2816,3813,2651,642.4
2023-12-29,South Africa -> Krishnapatnam,Richards Bay,Krishnapatnam,Coal,Panamax,25.16,2088.3,2816,3813,2651,642.4
2023-12-29,Australia -> Visakhapatnam,Newcastle,Visakhapatnam,Coking Coal,Panamax,27.49,2281.7,2816,3813,2651,642.4
2024-01-05,Australia -> Visakhapatnam,Port Hedland,Visakhapatnam,Iron Ore,Capesize,39.0,3237.0,2854,3867,2708,644.0
2024-01-05,Australia -> Paradip,Hay Point,Paradip,Coking Coal,Panamax,28.43,2359.7,2854,3867,2708,644.0
2024-01-05,Brazil -> Haldia,Tubarao,Haldia,Iron Ore,Capesize,50.4,4183.2,2854,3867,2708,644.0
2024-01-05,Indonesia -> Dhamra,Samarinda,Dhamra,Thermal Coal,Supramax,17.21,1428.4,2854,3867,2708,644.0
2024-01-05,South Africa -> Krishnapatnam,Richards Bay,Krishnapatnam,Coal,Panamax,24.47,2031.0,2854,3867,2708,644.0
2024-01-05,Australia -> Visakhapatnam,Newcastle,Visakhapatnam,Coking Coal,Panamax,29.29,2431.1,2854,3867,2708,644.0
2024-01-12,Australia -> Visakhapatnam,Port Hedland,Visakhapatnam,Iron Ore,Capesize,38.6,3203.8,2847,3885,2678,641.0
2024-01-12,Australia -> Paradip,Hay Point,Paradip,Coking Coal,Panamax,27.23,2260.1,2847,3885,2678,641.0
2024-01-12,Brazil -> Haldia,Tubarao,Haldia,Iron Ore,Capesize,49.55,4112.6,2847,3885,2678,641.0
2024-01-12,Indonesia -> Dhamra,Samarinda,Dhamra,Thermal Coal,Supramax,17.28,1434.2,2847,3885,2678,641.0
2024-01-12,South Africa -> Krishnapatnam,Richards Bay,Krishnapatnam,Coal,Panamax,24.67,2047.6,2847,3885,2678,641.0
2024-01-12,Australia -> Visakhapatnam,Newcastle,Visakhapatnam,Coking Coal,Panamax,29.18,2421.9,2847,3885,2678,641.0
2024-01-19,Australia -> Visakhapatnam,Port Hedland,Visakhapatnam,Iron Ore,Capesize,39.67,3292.6,2878,3921,2719,642.2
2024-01-19,Australia -> Paradip,Hay Point,Paradip,Coking Coal,Panamax,27.47,2280.0,2878,3921,2719,642.2
2024-01-19,Brazil -> Haldia,Tubarao,Haldia,Iron Ore,Capesize,50.06,4155.0,2878,3921,2719,642.2
2024-01-19,Indonesia -> Dhamra,Samarinda,Dhamra,Thermal Coal,Supramax,17.18,1425.9,2878,3921,2719,642.2
2024-01-19,South Africa -> Krishnapatnam,Richards Bay,Krishnapatnam,Coal,Panamax,25.19,2090.8,2878,3921,2719,642.2
2024-01-19,Australia -> Visakhapatnam,Newcastle,Visakhapatnam,Coking Coal,Panamax,28.26,2345.6,2878,3921,2719,642.2
2024-01-26,Australia -> Visakhapatnam,Port Hedland,Visakhapatnam,Iron Ore,Capesize,40.24,3339.9,2914,3899,2777,644.1
2024-01-26,Australia -> Paradip,Hay Point,Paradip,Coking Coal,Panamax,28.96,2403.7,2914,3899,2777,644.1
2024-01-26,Brazil -> Haldia,Tubarao,Haldia,Iron Ore,Capesize,51.1,4241.3,2914,3899,2777,644.1
2024-01-26,Indonesia -> Dhamra,Samarinda,Dhamra,Thermal Coal,Supramax,17.86,1482.4,2914,3899,2777,644.1
2024-01-26,South Africa -> Krishnapatnam,Richards Bay,Krishnapatnam,Coal,Panamax,24.74,2053.4,2914,3899,2777,644.1
2024-01-26,Australia -> Visakhapatnam,Newcastle,Visakhapatnam,Coking Coal,Panamax,28.41,2358.0,2914,3899,2777,644.1
2024-02-02,Australia -> Visakhapatnam,Port Hedland,Visakhapatnam,Iron Ore,Capesize,40.08,3326.6,2924,3955,2787,646.4
2024-02-02,Australia -> Paradip,Hay Point,Paradip,Coking Coal,Panamax,28.74,2385.4,2924,3955,2787,646.4
2024-02-02,Brazil -> Haldia,Tubarao,Haldia,Iron Ore,Capesize,51.18,4247.9,2924,3955,2787,646.4
2024-02-02,Indonesia -> Dhamra,Samarinda,Dhamra,Thermal Coal,Supramax,17.61,1461.6,2924,3955,2787,646.4
2024-02-02,South Africa -> Krishnapatnam,Richards Bay,Krishnapatnam,Coal,Panamax,25.25,2095.8,2924,3955,2787,646.4
2024-02-02,Australia -> Visakhapatnam,Newcastle,Visakhapatnam,Coking Coal,Panamax,29.98,2488.3,2924,3955,2787,646.4
2024-02-09,Australia -> Visakhapatnam,Port Hedland,Visakhapatnam,Iron Ore,Capesize,39.5,3278.5,2922,3975,2787,644.8
2024-02-09,Australia -> Paradip,Hay Point,Paradip,Coking Coal,Panamax,27.79,2306.6,2922,3975,2787,644.8
2024-02-09,Brazil -> Haldia,Tubarao,Haldia,Iron Ore,Capesize,51.04,4236.3,2922,3975,2787,644.8
2024-02-09,Indonesia -> Dhamra,Samarinda,Dhamra,Thermal Coal,Supramax,17.36,1440.9,2922,3975,2787,644.8
2024-02-09,South Africa -> Krishnapatnam,Richards Bay,Krishnapatnam,Coal,Panamax,25.1,2083.3,2922,3975,2787,644.8
2024-02-09,Australia -> Visakhapatnam,Newcastle,Visakhapatnam,Coking Coal,Panamax,29.39,2439.4,2922,3975,2787,644.8
2024-02-16,Australia -> Visakhapatnam,Port Hedland,Visakhapatnam,Iron Ore,Capesize,40.72,3379.8,2906,3945,2774,647.9
2024-02-16,Australia -> Paradip,Hay Point,Paradip,Coking Coal,Panamax,27.74,2302.4,2906,3945,2774,647.9
2024-02-16,Brazil -> Haldia,Tubarao,Haldia,Iron Ore,Capesize,50.65,4203.9,2906,3945,2774,647.9
2024-02-16,Indonesia -> Dhamra,Samarinda,Dhamra,Thermal Coal,Supramax,17.39,1443.4,2906,3945,2774,647.9
2024-02-16,South Africa -> Krishnapatnam,Richards Bay,Krishnapatnam,Coal,Panamax,25.14,2086.6,2906,3945,2774,647.9
2024-02-16,Australia -> Visakhapatnam,Newcastle,Visakhapatnam,Coking Coal,Panamax,29.01,2407.8,2906,3945,2774,647.9
2024-02-23,Australia -> Visakhapatnam,Port Hedland,Visakhapatnam,Iron Ore,Capesize,39.5,3278.5,2886,3871,2717,646.3
2024-02-23,Australia -> Paradip,Hay Point,Paradip,Coking Coal,Panamax,28.33,2351.4,2886,3871,2717,646.3
2024-02-23,Brazil -> Haldia,Tubarao,Haldia,Iron Ore,Capesize,50.11,4159.1,2886,3871,2717,646.3
2024-02-23,Indonesia -> Dhamra,Samarinda,Dhamra,Thermal Coal,Supramax,17.76,1474.1,2886,3871,2717,646.3
2024-02-23,South Africa -> Krishnapatnam,Richards Bay,Krishnapatnam,Coal,Panamax,24.71,2050.9,2886,3871,2717,646.3
2024-02-23,Australia -> Visakhapatnam,Newcastle,Visakhapatnam,Coking Coal,Panamax,28.59,2373.0,2886,3871,2717,646.3
2024-03-01,Australia -> Visakhapatnam,Port Hedland,Visakhapatnam,Iron Ore,Capesize,39.79,3302.6,2891,3885,2763,646.3
2024-03-01,Australia -> Paradip,Hay Point,Paradip,Coking Coal,Panamax,28.19,2339.8,2891,3885,2763,646.3
2024-03-01,Brazil -> Haldia,Tubarao,Haldia,Iron Ore,Capesize,50.3,4174.9,2891,3885,2763,646.3
2024-03-01,Indonesia -> Dhamra,Samarinda,Dhamra,Thermal Coal,Supramax,16.44,1364.5,2891,3885,2763,646.3
2024-03-01,South Africa -> Krishnapatnam,Richards Bay,Krishnapatnam,Coal,Panamax,26.02,2159.7,2891,3885,2763,646.3
2024-03-01,Australia -> Visakhapatnam,Newcastle,Visakhapatnam,Coking Coal,Panamax,28.93,2401.2,2891,3885,2763,646.3
2024-03-08,Australia -> Visakhapatnam,Port Hedland,Visakhapatnam,Iron Ore,Capesize,40.27,3342.4,2929,3926,2774,642.8
2024-03-08,Australia -> Paradip,Hay Point,Paradip,Coking Coal,Panamax,29.17,2421.1,2929,3926,2774,642.8
2024-03-08,Brazil -> Haldia,Tubarao,Haldia,Iron Ore,Capesize,51.51,4275.3,2929,3926,2774,642.8
2024-03-08,Indonesia -> Dhamra,Samarinda,Dhamra,Thermal Coal,Supramax,17.38,1442.5,2929,3926,2774,642.8
2024-03-08,South Africa -> Krishnapatnam,Richards Bay,Krishnapatnam,Coal,Panamax,25.69,2132.3,2929,3926,2774,642.8
2024-03-08,Australia -> Visakhapatnam,Newcastle,Visakhapatnam,Coking Coal,Panamax,29.85,2477.6,2929,3926,2774,642.8
2024-03-15,Australia -> Visakhapatnam,Port Hedland,Visakhapatnam,Iron Ore,Capesize,39.98,3318.3,2923,3984,2790,645.0
2024-03-15,Australia -> Paradip,Hay Point,Paradip,Coking Coal,Panamax,28.34,2352.2,2923,3984,2790,645.0
2024-03-15,Brazil -> Haldia,Tubarao,Haldia,Iron Ore,Capesize,51.27,4255.4,2923,3984,2790,645.0
2024-03-15,Indonesia -> Dhamra,Samarinda,Dhamra,Thermal Coal,Supramax,16.9,1402.7,2923,3984,2790,645.0
2024-03-15,South Africa -> Krishnapatnam,Richards Bay,Krishnapatnam,Coal,Panamax,25.66,2129.8,2923,3984,2790,645.0
2024-03-15,Australia -> Visakhapatnam,Newcastle,Visakhapatnam,Coking Coal,Panamax,28.55,2369.7,2923,3984,2790,645.0
2024-03-22,Australia -> Visakhapatnam,Port Hedland,Visakhapatnam,Iron Ore,Capesize,40.48,3359.8,2922,3972,2763,649.1
2024-03-22,Australia -> Paradip,Hay Point,Paradip,Coking Coal,Panamax,27.89,2314.9,2922,3972,2763,649.1
2024-03-22,Brazil -> Haldia,Tubarao,Haldia,Iron Ore,Capesize,51.91,4308.5,2922,3972,2763,649.1
2024-03-22,Indonesia -> Dhamra,Samarinda,Dhamra,Thermal Coal,Supramax,17.22,1429.3,2922,3972,2763,649.1
2024-03-22,South Africa -> Krishnapatnam,Richards Bay,Krishnapatnam,Coal,Panamax,26.05,2162.2,2922,3972,2763,649.1
2024-03-22,Australia -> Visakhapatnam,Newcastle,Visakhapatnam,Coking Coal,Panamax,28.97,2404.5,2922,3972,2763,649.1
2024-03-29,Australia -> Visakhapatnam,Port Hedland,Visakhapatnam,Iron Ore,Capesize,40.68,3376.4,2958,4019,2792,649.3
2024-03-29,Australia -> Paradip,Hay Point,Paradip,Coking Coal,Panamax,28.12,2334.0,2958,4019,2792,649.3
2024-03-29,Brazil -> Haldia,Tubarao,Haldia,Iron Ore,Capesize,51.19,4248.8,2958,4019,2792,649.3
2024-03-29,Indonesia -> Dhamra,Samarinda,Dhamra,Thermal Coal,Supramax,17.33,1438.4,2958,4019,2792,649.3
2024-03-29,South Africa -> Krishnapatnam,Richards Bay,Krishnapatnam,Coal,Panamax,25.84,2144.7,2958,4019,2792,649.3
2024-03-29,Australia -> Visakhapatnam,Newcastle,Visakhapatnam,Coking Coal,Panamax,29.51,2449.3,2958,4019,2792,649.3
2024-04-05,Australia -> Visakhapatnam,Port Hedland,Visakhapatnam,Iron Ore,Capesize,40.25,3340.8,2966,4006,2807,650.3
2024-04-05,Australia -> Paradip,Hay Point,Paradip,Coking Coal,Panamax,29.71,2465.9,2966,4006,2807,650.3
2024-04-05,Brazil -> Haldia,Tubarao,Haldia,Iron Ore,Capesize,52.3,4340.9,2966,4006,2807,650.3
2024-04-05,Indonesia -> Dhamra,Samarinda,Dhamra,Thermal Coal,Supramax,17.33,1438.4,2966,4006,2807,650.3
2024-04-05,South Africa -> Krishnapatnam,Richards Bay,Krishnapatnam,Coal,Panamax,25.7,2133.1,2966,4006,2807,650.3
2024-04-05,Australia -> Visakhapatnam,Newcastle,Visakhapatnam,Coking Coal,Panamax,30.19,2505.8,2966,4006,2807,650.3
2024-04-12,Australia -> Visakhapatnam,Port Hedland,Visakhapatnam,Iron Ore,Capesize,40.61,3370.6,2968,4028,2808,653.0
2024-04-12,Australia -> Paradip,Hay Point,Paradip,Coking Coal,Panamax,29.22,2425.3,2968,4028,2808,653.0
2024-04-12,Brazil -> Haldia,Tubarao,Haldia,Iron Ore,Capesize,52.72,4375.8,2968,4028,2808,653.0
2024-04-12,Indonesia -> Dhamra,Samarinda,Dhamra,Thermal Coal,Supramax,17.8,1477.4,2968,4028,2808,653.0
2024-04-12,South Africa -> Krishnapatnam,Richards Bay,Krishnapatnam,Coal,Panamax,26.45,2195.3,2968,4028,2808,653.0
2024-04-12,Australia -> Visakhapatnam,Newcastle,Visakhapatnam,Coking Coal,Panamax,30.05,2494.2,2968,4028,2808,653.0
2024-04-19,Australia -> Visakhapatnam,Port Hedland,Visakhapatnam,Iron Ore,Capesize,41.48,3442.8,2983,3980,2833,657.0
2024-04-19,Australia -> Paradip,Hay Point,Paradip,Coking Coal,Panamax,29.53,2451.0,2983,3980,2833,657.0
2024-04-19,Brazil -> Haldia,Tubarao,Haldia,Iron Ore,Capesize,52.34,4344.2,2983,3980,2833,657.0
2024-04-19,Indonesia -> Dhamra,Samarinda,Dhamra,Thermal Coal,Supramax,18.11,1503.1,2983,3980,2833,657.0
2024-04-19,South Africa -> Krishnapatnam,Richards Bay,Krishnapatnam,Coal,Panamax,26.24,2177.9,2983,3980,2833,657.0
2024-04-19,Australia -> Visakhapatnam,Newcastle,Visakhapatnam,Coking Coal,Panamax,29.31,2432.7,2983,3980,2833,657.0
2024-04-26,Australia -> Visakhapatnam,Port Hedland,Visakhapatnam,Iron Ore,Capesize,41.46,3441.2,2994,4054,2864,654.2
2024-04-26,Australia -> Paradip,Hay Point,Paradip,Coking Coal,Panamax,28.44,2360.5,2994,4054,2864,654.2
2024-04-26,Brazil -> Haldia,Tubarao,Haldia,Iron Ore,Capesize,53.11,4408.1,2994,4054,2864,654.2
2024-04-26,Indonesia -> Dhamra,Samarinda,Dhamra,Thermal Coal,Supramax,17.19,1426.8,2994,4054,2864,654.2
2024-04-26,South Africa -> Krishnapatnam,Richards Bay,Krishnapatnam,Coal,Panamax,25.43,2110.7,2994,4054,2864,654.2
2024-04-26,Australia -> Visakhapatnam,Newcastle,Visakhapatnam,Coking Coal,Panamax,29.64,2460.1,2994,4054,2864,654.2
2024-05-03,Australia -> Visakhapatnam,Port Hedland,Visakhapatnam,Iron Ore,Capesize,41.45,3440.4,2965,4022,2811,656.5
2024-05-03,Australia -> Paradip,Hay Point,Paradip,Coking Coal,Panamax,29.51,2449.3,2965,4022,2811,656.5
2024-05-03,Brazil -> Haldia,Tubarao,Haldia,Iron Ore,Capesize,52.27,4338.4,2965,4022,2811,656.5
2024-05-03,Indonesia -> Dhamra,Samarinda,Dhamra,Thermal Coal,Supramax,16.94,1406.0,2965,4022,2811,656.5
2024-05-03,South Africa -> Krishnapatnam,Richards Bay,Krishnapatnam,Coal,Panamax,25.37,2105.7,2965,4022,2811,656.5
2024-05-03,Australia -> Visakhapatnam,Newcastle,Visakhapatnam,Coking Coal,Panamax,29.19,2422.8,2965,4022,2811,656.5
2024-05-10,Australia -> Visakhapatnam,Port Hedland,Visakhapatnam,Iron Ore,Capesize,40.05,3324.1,2950,3999,2804,655.1
2024-05-10,Australia -> Paradip,Hay Point,Paradip,Coking Coal,Panamax,29.43,2442.7,2950,3999,2804,655.1
2024-05-10,Brazil -> Haldia,Tubarao,Haldia,Iron Ore,Capesize,51.39,4265.4,2950,3999,2804,655.1
2024-05-10,Indonesia -> Dhamra,Samarinda,Dhamra,Thermal Coal,Supramax,17.32,1437.6,2950,3999,2804,655.1
2024-05-10,South Africa -> Krishnapatnam,Richards Bay,Krishnapatnam,Coal,Panamax,26.25,2178.8,2950,3999,2804,655.1
2024-05-10,Australia -> Visakhapatnam,Newcastle,Visakhapatnam,Coking Coal,Panamax,29.86,2478.4,2950,3999,2804,655.1
2024-05-17,Australia -> Visakhapatnam,Port Hedland,Visakhapatnam,Iron Ore,Capesize,40.33,3347.4,2962,4018,2820,652.7
2024-05-17,Australia -> Paradip,Hay Point,Paradip,Coking Coal,Panamax,28.98,2405.3,2962,4018,2820,652.7
2024-05-17,Brazil -> Haldia,Tubarao,Haldia,Iron Ore,Capesize,51.4,4266.2,2962,4018,2820,652.7
2024-05-17,Indonesia -> Dhamra,Samarinda,Dhamra,Thermal Coal,Supramax,18.38,1525.5,2962,4018,2820,652.7
2024-05-17,South Africa -> Krishnapatnam,Richards Bay,Krishnapatnam,Coal,Panamax,25.6,2124.8,2962,4018,2820,652.7
2024-05-17,Australia -> Visakhapatnam,Newcastle,Visakhapatnam,Coking Coal,Panamax,29.29,2431.1,2962,4018,2820,652.7
2024-05-24,Australia -> Visakhapatnam,Port Hedland,Visakhapatnam,Iron Ore,Capesize,41.1,3411.3,2938,3987,2780,651.5
2024-05-24,Australia -> Paradip,Hay Point,Paradip,Coking Coal,Panamax,29.12,2417.0,2938,3987,2780,651.5
2024-05-24,Brazil -> Haldia,Tubarao,Haldia,Iron Ore,Capesize,51.06,4238.0,2938,3987,2780,651.5
2024-05-24,Indonesia -> Dhamra,Samarinda,Dhamra,Thermal Coal,Supramax,16.88,1401.0,2938,3987,2780,651.5
2024-05-24,South Africa -> Krishnapatnam,Richards Bay,Krishnapatnam,Coal,Panamax,25.99,2157.2,2938,3987,2780,651.5
2024-05-24,Australia -> Visakhapatnam,Newcastle,Visakhapatnam,Coking Coal,Panamax,29.19,2422.8,2938,3987,2780,651.5
2024-05-31,Australia -> Visakhapatnam,Port Hedland,Visakhapatnam,Iron Ore,Capesize,40.61,3370.6,2977,4051,2856,654.1
2024-05-31,Australia -> Paradip,Hay Point,Paradip,Coking Coal,Panamax,28.69,2381.3,2977,4051,2856,654.1
2024-05-31,Brazil -> Haldia,Tubarao,Haldia,Iron Ore,Capesize,52.45,4353.4,2977,4051,2856,654.1
2024-05-31,Indonesia -> Dhamra,Samarinda,Dhamra,Thermal Coal,Supramax,17.47,1450.0,2977,4051,2856,654.1
2024-05-31,South Africa -> Krishnapatnam,Richards Bay,Krishnapatnam,Coal,Panamax,25.96,2154.7,2977,4051,2856,654.1
2024-05-31,Australia -> Visakhapatnam,Newcastle,Visakhapatnam,Coking Coal,Panamax,29.39,2439.4,2977,4051,2856,654.1
2024-06-07,Australia -> Visakhapatnam,Port Hedland,Visakhapatnam,Iron Ore,Capesize,41.23,3422.1,2976,3987,2829,657.8
2024-06-07,Australia -> Paradip,Hay Point,Paradip,Coking Coal,Panamax,28.44,2360.5,2976,3987,2829,657.8
2024-06-07,Brazil -> Haldia,Tubarao,Haldia,Iron Ore,Capesize,52.27,4338.4,2976,3987,2829,657.8
2024-06-07,Indonesia -> Dhamra,Samarinda,Dhamra,Thermal Coal,Supramax,17.85,1481.6,2976,3987,2829,657.8
2024-06-07,South Africa -> Krishnapatnam,Richards Bay,Krishnapatnam,Coal,Panamax,25.63,2127.3,2976,3987,2829,657.8
2024-06-07,Australia -> Visakhapatnam,Newcastle,Visakhapatnam,Coking Coal,Panamax,30.03,2492.5,2976,3987,2829,657.8
2024-06-14,Australia -> Visakhapatnam,Port Hedland,Visakhapatnam,Iron Ore,Capesize,41.31,3428.7,2978,4035,2802,657.2
2024-06-14,Australia -> Paradip,Hay Point,Paradip,Coking Coal,Panamax,28.4,2357.2,2978,4035,2802,657.2
2024-06-14,Brazil -> Haldia,Tubarao,Haldia,Iron Ore,Capesize,52.56,4362.5,2978,4035,2802,657.2
2024-06-14,Indonesia -> Dhamra,Samarinda,Dhamra,Thermal Coal,Supramax,16.93,1405.2,2978,4035,2802,657.2
2024-06-14,South Africa -> Krishnapatnam,Richards Bay,Krishnapatnam,Coal,Panamax,26.14,2169.6,2978,4035,2802,657.2
2024-06-14,Australia -> Visakhapatnam,Newcastle,Visakhapatnam,Coking Coal,Panamax,30.47,2529.0,2978,4035,2802,657.2
2024-06-21,Australia -> Visakhapatnam,Port Hedland,Visakhapatnam,Iron Ore,Capesize,40.37,3350.7,2971,4054,2845,657.1
2024-06-21,Australia -> Paradip,Hay Point,Paradip,Coking Coal,Panamax,29.71,2465.9,2971,4054,2845,657.1
2024-06-21,Brazil -> Haldia,Tubarao,Haldia,Iron Ore,Capesize,51.71,4291.9,2971,4054,2845,657.1
2024-06-21,Indonesia -> Dhamra,Samarinda,Dhamra,Thermal Coal,Supramax,17.91,1486.5,2971,4054,2845,657.1
2024-06-21,South Africa -> Krishnapatnam,Richards Bay,Krishnapatnam,Coal,Panamax,26.65,2211.9,2971,4054,2845,657.1
2024-06-21,Australia -> Visakhapatnam,Newcastle,Visakhapatnam,Coking Coal,Panamax,29.06,2412.0,2971,4054,2845,657.1
2024-06-28,Australia -> Visakhapatnam,Port Hedland,Visakhapatnam,Iron Ore,Capesize,41.6,3452.8,2977,4023,2842,660.8
2024-06-28,Australia -> Paradip,Hay Point,Paradip,Coking Coal,Panamax,28.51,2366.3,2977,4023,2842,660.8
2024-06-28,Brazil -> Haldia,Tubarao,Haldia,Iron Ore,Capesize,52.72,4375.8,2977,4023,2842,660.8
2024-06-28,Indonesia -> Dhamra,Samarinda,Dhamra,Thermal Coal,Supramax,17.2,1427.6,2977,4023,2842,660.8
2024-06-28,South Africa -> Krishnapatnam,Richards Bay,Krishnapatnam,Coal,Panamax,26.72,2217.8,2977,4023,2842,660.8
2024-06-28,Australia -> Visakhapatnam,Newcastle,Visakhapatnam,Coking Coal,Panamax,30.57,2537.3,2977,4023,2842,660.8
2024-07-05,Australia -> Visakhapatnam,Port Hedland,Visakhapatnam,Iron Ore,Capesize,41.51,3445.3,2969,4008,2847,664.7
2024-07-05,Australia -> Paradip,Hay Point,Paradip,Coking Coal,Panamax,29.55,2452.7,2969,4008,2847,664.7
2024-07-05,Brazil -> Haldia,Tubarao,Haldia,Iron Ore,Capesize,51.18,4247.9,2969,4008,2847,664.7
2024-07-05,Indonesia -> Dhamra,Samarinda,Dhamra,Thermal Coal,Supramax,17.78,1475.7,2969,4008,2847,664.7
2024-07-05,South Africa -> Krishnapatnam,Richards Bay,Krishnapatnam,Coal,Panamax,25.35,2104.1,2969,4008,2847,664.7
2024-07-05,Australia -> Visakhapatnam,Newcastle,Visakhapatnam,Coking Coal,Panamax,30.47,2529.0,2969,4008,2847,664.7
2024-07-12,Australia -> Visakhapatnam,Port Hedland,Visakhapatnam,Iron Ore,Capesize,41.29,3427.1,2952,4034,2807,664.7
2024-07-12,Australia -> Paradip,Hay Point,Paradip,Coking Coal,Panamax,29.34,2435.2,2952,4034,2807,664.7
2024-07-12,Brazil -> Haldia,Tubarao,Haldia,Iron Ore,Capesize,51.61,4283.6,2952,4034,2807,664.7
2024-07-12,Indonesia -> Dhamra,Samarinda,Dhamra,Thermal Coal,Supramax,17.07,1416.8,2952,4034,2807,664.7
2024-07-12,South Africa -> Krishnapatnam,Richards Bay,Krishnapatnam,Coal,Panamax,25.21,2092.4,2952,4034,2807,664.7
2024-07-12,Australia -> Visakhapatnam,Newcastle,Visakhapatnam,Coking Coal,Panamax,28.98,2405.3,2952,4034,2807,664.7
2024-07-19,Australia -> Visakhapatnam,Port Hedland,Visakhapatnam,Iron Ore,Capesize,41.01,3403.8,2949,3956,2782,666.7
2024-07-19,Australia -> Paradip,Hay Point,Paradip,Coking Coal,Panamax,28.86,2395.4,2949,3956,2782,666.7
2024-07-19,Brazil -> Haldia,Tubarao,Haldia,Iron Ore,Capesize,52.02,4317.7,2949,3956,2782,666.7
2024-07-19,Indonesia -> Dhamra,Samarinda,Dhamra,Thermal Coal,Supramax,17.03,1413.5,2949,3956,2782,666.7
2024-07-19,South Africa -> Krishnapatnam,Richards Bay,Krishnapatnam,Coal,Panamax,26.37,2188.7,2949,3956,2782,666.7
2024-07-19,Australia -> Visakhapatnam,Newcastle,Visakhapatnam,Coking Coal,Panamax,30.13,2500.8,2949,3956,2782,666.7
2024-07-26,Australia -> Visakhapatnam,Port Hedland,Visakhapatnam,Iron Ore,Capesize,40.42,3354.9,2976,4019,2802,668.2
2024-07-26,Australia -> Paradip,Hay Point,Paradip,Coking Coal,Panamax,28.44,2360.5,2976,4019,2802,668.2
2024-07-26,Brazil -> Haldia,Tubarao,Haldia,Iron Ore,Capesize,51.8,4299.4,2976,4019,2802,668.2
2024-07-26,Indonesia -> Dhamra,Samarinda,Dhamra,Thermal Coal,Supramax,17.31,1436.7,2976,4019,2802,668.2
2024-07-26,South Africa -> Krishnapatnam,Richards Bay,Krishnapatnam,Coal,Panamax,25.66,2129.8,2976,4019,2802,668.2
2024-07-26,Australia -> Visakhapatnam,Newcastle,Visakhapatnam,Coking Coal,Panamax,29.34,2435.2,2976,4019,2802,668.2
2024-08-02,Australia -> Visakhapatnam,Port Hedland,Visakhapatnam,Iron Ore,Capesize,40.44,3356.5,2997,4092,2835,670.2
2024-08-02,Australia -> Paradip,Hay Point,Paradip,Coking Coal,Panamax,29.47,2446.0,2997,4092,2835,670.2
2024-08-02,Brazil -> Haldia,Tubarao,Haldia,Iron Ore,Capesize,52.77,4379.9,2997,4092,2835,670.2
2024-08-02,Indonesia -> Dhamra,Samarinda,Dhamra,Thermal Coal,Supramax,17.14,1422.6,2997,4092,2835,670.2
2024-08-02,South Africa -> Krishnapatnam,Richards Bay,Krishnapatnam,Coal,Panamax,25.62,2126.5,2997,4092,2835,670.2
2024-08-02,Australia -> Visakhapatnam,Newcastle,Visakhapatnam,Coking Coal,Panamax,29.67,2462.6,2997,4092,2835,670.2
2024-08-09,Australia -> Visakhapatnam,Port Hedland,Visakhapatnam,Iron Ore,Capesize,40.82,3388.1,2990,4037,2864,671.9
2024-08-09,Australia -> Paradip,Hay Point,Paradip,Coking Coal,Panamax,28.54,2368.8,2990,4037,2864,671.9
2024-08-09,Brazil -> Haldia,Tubarao,Haldia,Iron Ore,Capesize,53.0,4399.0,2990,4037,2864,671.9
2024-08-09,Indonesia -> Dhamra,Samarinda,Dhamra,Thermal Coal,Supramax,17.47,1450.0,2990,4037,2864,671.9
2024-08-09,South Africa -> Krishnapatnam,Richards Bay,Krishnapatnam,Coal,Panamax,26.35,2187.1,2990,4037,2864,671.9
2024-08-09,Australia -> Visakhapatnam,Newcastle,Visakhapatnam,Coking Coal,Panamax,29.46,2445.2,2990,4037,2864,671.9
2024-08-16,Australia -> Visakhapatnam,Port Hedland,Visakhapatnam,Iron Ore,Capesize,40.58,3368.1,2961,3962,2827,672.9
2024-08-16,Australia -> Paradip,Hay Point,Paradip,Coking Coal,Panamax,28.95,2402.8,2961,3962,2827,672.9
2024-08-16,Brazil -> Haldia,Tubarao,Haldia,Iron Ore,Capesize,51.77,4296.9,2961,3962,2827,672.9
2024-08-16,Indonesia -> Dhamra,Samarinda,Dhamra,Thermal Coal,Supramax,17.68,1467.4,2961,3962,2827,672.9
2024-08-16,South Africa -> Krishnapatnam,Richards Bay,Krishnapatnam,Coal,Panamax,26.17,2172.1,2961,3962,2827,672.9
2024-08-16,Australia -> Visakhapatnam,Newcastle,Visakhapatnam,Coking Coal,Panamax,29.16,2420.3,2961,3962,2827,672.9
2024-08-23,Australia -> Visakhapatnam,Port Hedland,Visakhapatnam,Iron Ore,Capesize,40.35,3349.1,2941,3995,2816,669.6
2024-08-23,Australia -> Paradip,Hay Point,Paradip,Coking Coal,Panamax,29.0,2407.0,2941,3995,2816,669.6
2024-08-23,Brazil -> Haldia,Tubarao,Haldia,Iron Ore,Capesize,50.79,4215.6,2941,3995,2816,669.6
2024-08-23,Indonesia -> Dhamra,Samarinda,Dhamra,Thermal Coal,Supramax,17.6,1460.8,2941,3995,2816,669.6
2024-08-23,South Africa -> Krishnapatnam,Richards Bay,Krishnapatnam,Coal,Panamax,25.03,2077.5,2941,3995,2816,669.6
2024-08-23,Australia -> Visakhapatnam,Newcastle,Visakhapatnam,Coking Coal,Panamax,29.49,2447.7,2941,3995,2816,669.6
2024-08-30,Australia -> Visakhapatnam,Port Hedland,Visakhapatnam,Iron Ore,Capesize,40.49,3360.7,2942,3979,2774,668.3
2024-08-30,Australia -> Paradip,Hay Point,Paradip,Coking Coal,Panamax,28.07,2329.8,2942,3979,2774,668.3
2024-08-30,Brazil -> Haldia,Tubarao,Haldia,Iron Ore,Capesize,51.02,4234.7,2942,3979,2774,668.3
2024-08-30,Indonesia -> Dhamra,Samarinda,Dhamra,Thermal Coal,Supramax,17.64,1464.1,2942,3979,2774,668.3
2024-08-30,South Africa -> Krishnapatnam,Richards Bay,Krishnapatnam,Coal,Panamax,25.09,2082.5,2942,3979,2774,668.3
2024-08-30,Australia -> Visakhapatnam,Newcastle,Visakhapatnam,Coking Coal,Panamax,29.44,2443.5,2942,3979,2774,668.3
2024-09-06,Australia -> Visakhapatnam,Port Hedland,Visakhapatnam,Iron Ore,Capesize,40.11,3329.1,2968,4002,2820,668.0
2024-09-06,Australia -> Paradip,Hay Point,Paradip,Coking Coal,Panamax,28.88,2397.0,2968,4002,2820,668.0
2024-09-06,Brazil -> Haldia,Tubarao,Haldia,Iron Ore,Capesize,52.44,4352.5,2968,4002,2820,668.0
2024-09-06,Indonesia -> Dhamra,Samarinda,Dhamra,Thermal Coal,Supramax,18.02,1495.7,2968,4002,2820,668.0
2024-09-06,South Africa -> Krishnapatnam,Richards Bay,Krishnapatnam,Coal,Panamax,25.81,2142.2,2968,4002,2820,668.0
2024-09-06,Australia -> Visakhapatnam,Newcastle,Visakhapatnam,Coking Coal,Panamax,30.19,2505.8,2968,4002,2820,668.0
2024-09-13,Australia -> Visakhapatnam,Port Hedland,Visakhapatnam,Iron Ore,Capesize,40.41,3354.0,2989,4043,2812,666.8
2024-09-13,Australia -> Paradip,Hay Point,Paradip,Coking Coal,Panamax,29.94,2485.0,2989,4043,2812,666.8
2024-09-13,Brazil -> Haldia,Tubarao,Haldia,Iron Ore,Capesize,53.01,4399.8,2989,4043,2812,666.8
2024-09-13,Indonesia -> Dhamra,Samarinda,Dhamra,Thermal Coal,Supramax,17.1,1419.3,2989,4043,2812,666.8
2024-09-13,South Africa -> Krishnapatnam,Richards Bay,Krishnapatnam,Coal,Panamax,26.85,2228.6,2989,4043,2812,666.8
2024-09-13,Australia -> Visakhapatnam,Newcastle,Visakhapatnam,Coking Coal,Panamax,29.14,2418.6,2989,4043,2812,666.8
2024-09-20,Australia -> Visakhapatnam,Port Hedland,Visakhapatnam,Iron Ore,Capesize,41.25,3423.8,2982,4053,2849,670.9
2024-09-20,Australia -> Paradip,Hay Point,Paradip,Coking Coal,Panamax,28.95,2402.8,2982,4053,2849,670.9
2024-09-20,Brazil -> Haldia,Tubarao,Haldia,Iron Ore,Capesize,52.99,4398.2,2982,4053,2849,670.9
2024-09-20,Indonesia -> Dhamra,Samarinda,Dhamra,Thermal Coal,Supramax,17.56,1457.5,2982,4053,2849,670.9
2024-09-20,South Africa -> Krishnapatnam,Richards Bay,Krishnapatnam,Coal,Panamax,26.69,2215.3,2982,4053,2849,670.9
2024-09-20,Australia -> Visakhapatnam,Newcastle,Visakhapatnam,Coking Coal,Panamax,30.48,2529.8,2982,4053,2849,670.9
2024-09-27,Australia -> Visakhapatnam,Port Hedland,Visakhapatnam,Iron Ore,Capesize,41.13,3413.8,2973,4032,2834,671.3
2024-09-27,Australia -> Paradip,Hay Point,Paradip,Coking Coal,Panamax,28.75,2386.2,2973,4032,2834,671.3
2024-09-27,Brazil -> Haldia,Tubarao,Haldia,Iron Ore,Capesize,51.52,4276.2,2973,4032,2834,671.3
2024-09-27,Indonesia -> Dhamra,Samarinda,Dhamra,Thermal Coal,Supramax,17.75,1473.2,2973,4032,2834,671.3
2024-09-27,South Africa -> Krishnapatnam,Richards Bay,Krishnapatnam,Coal,Panamax,26.06,2163.0,2973,4032,2834,671.3
2024-09-27,Australia -> Visakhapatnam,Newcastle,Visakhapatnam,Coking Coal,Panamax,30.1,2498.3,2973,4032,2834,671.3
2024-10-04,Australia -> Visakhapatnam,Port Hedland,Visakhapatnam,Iron Ore,Capesize,40.87,3392.2,2951,3935,2775,669.7
2024-10-04,Australia -> Paradip,Hay Point,Paradip,Coking Coal,Panamax,28.85,2394.6,2951,3935,2775,669.7
2024-10-04,Brazil -> Haldia,Tubarao,Haldia,Iron Ore,Capesize,51.71,4291.9,2951,3935,2775,669.7
2024-10-04,Indonesia -> Dhamra,Samarinda,Dhamra,Thermal Coal,Supramax,18.08,1500.6,2951,3935,2775,669.7
2024-10-04,South Africa -> Krishnapatnam,Richards Bay,Krishnapatnam,Coal,Panamax,25.42,2109.9,2951,3935,2775,669.7
2024-10-04,Australia -> Visakhapatnam,Newcastle,Visakhapatnam,Coking Coal,Panamax,29.27,2429.4,2951,3935,2775,669.7
2024-10-11,Australia -> Visakhapatnam,Port Hedland,Visakhapatnam,Iron Ore,Capesize,40.84,3389.7,2934,4005,2801,666.6
2024-10-11,Australia -> Paradip,Hay Point,Paradip,Coking Coal,Panamax,28.48,2363.8,2934,4005,2801,666.6
2024-10-11,Brazil -> Haldia,Tubarao,Haldia,Iron Ore,Capesize,51.78,4297.7,2934,4005,2801,666.6
2024-10-11,Indonesia -> Dhamra,Samarinda,Dhamra,Thermal Coal,Supramax,18.07,1499.8,2934,4005,2801,666.6
2024-10-11,South Africa -> Krishnapatnam,Richards Bay,Krishnapatnam,Coal,Panamax,24.9,2066.7,2934,4005,2801,666.6
2024-10-11,Australia -> Visakhapatnam,Newcastle,Visakhapatnam,Coking Coal,Panamax,28.87,2396.2,2934,4005,2801,666.6
2024-10-18,Australia -> Visakhapatnam,Port Hedland,Visakhapatnam,Iron Ore,Capesize,39.19,3252.8,2902,3872,2763,668.4
2024-10-18,Australia -> Paradip,Hay Point,Paradip,Coking Coal,Panamax,28.69,2381.3,2902,3872,2763,668.4
2024-10-18,Brazil -> Haldia,Tubarao,Haldia,Iron Ore,Capesize,50.64,4203.1,2902,3872,2763,668.4
2024-10-18,Indonesia -> Dhamra,Samarinda,Dhamra,Thermal Coal,Supramax,16.85,1398.6,2902,3872,2763,668.4
2024-10-18,South Africa -> Krishnapatnam,Richards Bay,Krishnapatnam,Coal,Panamax,24.95,2070.8,2902,3872,2763,668.4
2024-10-18,Australia -> Visakhapatnam,Newcastle,Visakhapatnam,Coking Coal,Panamax,29.61,2457.6,2902,3872,2763,668.4
2024-10-25,Australia -> Visakhapatnam,Port Hedland,Visakhapatnam,Iron Ore,Capesize,39.8,3303.4,2867,3871,2711,671.1
2024-10-25,Australia -> Paradip,Hay Point,Paradip,Coking Coal,Panamax,27.67,2296.6,2867,3871,2711,671.1
2024-10-25,Brazil -> Haldia,Tubarao,Haldia,Iron Ore,Capesize,50.34,4178.2,2867,3871,2711,671.1
2024-10-25,Indonesia -> Dhamra,Samarinda,Dhamra,Thermal Coal,Supramax,17.34,1439.2,2867,3871,2711,671.1
2024-10-25,South Africa -> Krishnapatnam,Richards Bay,Krishnapatnam,Coal,Panamax,24.81,2059.2,2867,3871,2711,671.1
2024-10-25,Australia -> Visakhapatnam,Newcastle,Visakhapatnam,Coking Coal,Panamax,28.36,2353.9,2867,3871,2711,671.1
2024-11-01,Australia -> Visakhapatnam,Port Hedland,Visakhapatnam,Iron Ore,Capesize,38.34,3182.2,2839,3849,2681,669.6
2024-11-01,Australia -> Paradip,Hay Point,Paradip,Coking Coal,Panamax,28.41,2358.0,2839,3849,2681,669.6
2024-11-01,Brazil -> Haldia,Tubarao,Haldia,Iron Ore,Capesize,50.3,4174.9,2839,3849,2681,669.6
2024-11-01,Indonesia -> Dhamra,Samarinda,Dhamra,Thermal Coal,Supramax,17.56,1457.5,2839,3849,2681,669.6
2024-11-01,South Africa -> Krishnapatnam,Richards Bay,Krishnapatnam,Coal,Panamax,25.05,2079.2,2839,3849,2681,669.6
2024-11-01,Australia -> Visakhapatnam,Newcastle,Visakhapatnam,Coking Coal,Panamax,28.28,2347.2,2839,3849,2681,669.6
2024-11-08,Australia -> Visakhapatnam,Port Hedland,Visakhapatnam,Iron Ore,Capesize,39.52,3280.2,2840,3882,2725,671.1
2024-11-08,Australia -> Paradip,Hay Point,Paradip,Coking Coal,Panamax,27.41,2275.0,2840,3882,2725,671.1
2024-11-08,Brazil -> Haldia,Tubarao,Haldia,Iron Ore,Capesize,49.58,4115.1,2840,3882,2725,671.1
2024-11-08,Indonesia -> Dhamra,Samarinda,Dhamra,Thermal Coal,Supramax,16.34,1356.2,2840,3882,2725,671.1
2024-11-08,South Africa -> Krishnapatnam,Richards Bay,Krishnapatnam,Coal,Panamax,24.66,2046.8,2840,3882,2725,671.1
2024-11-08,Australia -> Visakhapatnam,Newcastle,Visakhapatnam,Coking Coal,Panamax,28.81,2391.2,2840,3882,2725,671.1
2024-11-15,Australia -> Visakhapatnam,Port Hedland,Visakhapatnam,Iron Ore,Capesize,39.54,3281.8,2839,3868,2685,672.9
2024-11-15,Australia -> Paradip,Hay Point,Paradip,Coking Coal,Panamax,28.35,2353.1,2839,3868,2685,672.9
2024-11-15,Brazil -> Haldia,Tubarao,Haldia,Iron Ore,Capesize,49.8,4133.4,2839,3868,2685,672.9
2024-11-15,Indonesia -> Dhamra,Samarinda,Dhamra,Thermal Coal,Supramax,17.65,1464.9,2839,3868,2685,672.9
2024-11-15,South Africa -> Krishnapatnam,Richards Bay,Krishnapatnam,Coal,Panamax,24.94,2070.0,2839,3868,2685,672.9
2024-11-15,Australia -> Visakhapatnam,Newcastle,Visakhapatnam,Coking Coal,Panamax,27.81,2308.2,2839,3868,2685,672.9
2024-11-22,Australia -> Visakhapatnam,Port Hedland,Visakhapatnam,Iron Ore,Capesize,39.33,3264.4,2820,3777,2688,676.4
2024-11-22,Australia -> Paradip,Hay Point,Paradip,Coking Coal,Panamax,26.85,2228.6,2820,3777,2688,676.4
2024-11-22,Brazil -> Haldia,Tubarao,Haldia,Iron Ore,Capesize,49.71,4125.9,2820,3777,2688,676.4
2024-11-22,Indonesia -> Dhamra,Samarinda,Dhamra,Thermal Coal,Supramax,16.29,1352.1,2820,3777,2688,676.4
2024-11-22,South Africa -> Krishnapatnam,Richards Bay,Krishnapatnam,Coal,Panamax,24.31,2017.7,2820,3777,2688,676.4
2024-11-22,Australia -> Visakhapatnam,Newcastle,Visakhapatnam,Coking Coal,Panamax,28.48,2363.8,2820,3777,2688,676.4
2024-11-29,Australia -> Visakhapatnam,Port Hedland,Visakhapatnam,Iron Ore,Capesize,39.27,3259.4,2830,3858,2669,678.7
2024-11-29,Australia -> Paradip,Hay Point,Paradip,Coking Coal,Panamax,27.69,2298.3,2830,3858,2669,678.7
2024-11-29,Brazil -> Haldia,Tubarao,Haldia,Iron Ore,Capesize,49.5,4108.5,2830,3858,2669,678.7
2024-11-29,Indonesia -> Dhamra,Samarinda,Dhamra,Thermal Coal,Supramax,17.43,1446.7,2830,3858,2669,678.7
2024-11-29,South Africa -> Krishnapatnam,Richards Bay,Krishnapatnam,Coal,Panamax,24.5,2033.5,2830,3858,2669,678.7
2024-11-29,Australia -> Visakhapatnam,Newcastle,Visakhapatnam,Coking Coal,Panamax,29.03,2409.5,2830,3858,2669,678.7
2024-12-06,Australia -> Visakhapatnam,Port Hedland,Visakhapatnam,Iron Ore,Capesize,39.19,3252.8,2791,3812,2680,675.6
2024-12-06,Australia -> Paradip,Hay Point,Paradip,Coking Coal,Panamax,27.19,2256.8,2791,3812,2680,675.6
2024-12-06,Brazil -> Haldia,Tubarao,Haldia,Iron Ore,Capesize,48.45,4021.4,2791,3812,2680,675.6
2024-12-06,Indonesia -> Dhamra,Samarinda,Dhamra,Thermal Coal,Supramax,16.78,1392.7,2791,3812,2680,675.6
2024-12-06,South Africa -> Krishnapatnam,Richards Bay,Krishnapatnam,Coal,Panamax,23.96,1988.7,2791,3812,2680,675.6
2024-12-06,Australia -> Visakhapatnam,Newcastle,Visakhapatnam,Coking Coal,Panamax,28.58,2372.1,2791,3812,2680,675.6
2024-12-13,Australia -> Visakhapatnam,Port Hedland,Visakhapatnam,Iron Ore,Capesize,38.25,3174.8,2797,3804,2650,676.0
2024-12-13,Australia -> Paradip,Hay Point,Paradip,Coking Coal,Panamax,26.9,2232.7,2797,3804,2650,676.0
2024-12-13,Brazil -> Haldia,Tubarao,Haldia,Iron Ore,Capesize,48.98,4065.3,2797,3804,2650,676.0
2024-12-13,Indonesia -> Dhamra,Samarinda,Dhamra,Thermal Coal,Supramax,16.64,1381.1,2797,3804,2650,676.0
2024-12-13,South Africa -> Krishnapatnam,Richards Bay,Krishnapatnam,Coal,Panamax,23.84,1978.7,2797,3804,2650,676.0
2024-12-13,Australia -> Visakhapatnam,Newcastle,Visakhapatnam,Coking Coal,Panamax,28.75,2386.2,2797,3804,2650,676.0
2024-12-20,Australia -> Visakhapatnam,Port Hedland,Visakhapatnam,Iron Ore,Capesize,38.32,3180.6,2797,3809,2682,675.1
2024-12-20,Australia -> Paradip,Hay Point,Paradip,Coking Coal,Panamax,27.37,2271.7,2797,3809,2682,675.1
2024-12-20,Brazil -> Haldia,Tubarao,Haldia,Iron Ore,Capesize,48.5,4025.5,2797,3809,2682,675.1
2024-12-20,Indonesia -> Dhamra,Samarinda,Dhamra,Thermal Coal,Supramax,16.08,1334.6,2797,3809,2682,675.1
2024-12-20,South Africa -> Krishnapatnam,Richards Bay,Krishnapatnam,Coal,Panamax,24.09,1999.5,2797,3809,2682,675.1
2024-12-20,Australia -> Visakhapatnam,Newcastle,Visakhapatnam,Coking Coal,Panamax,28.67,2379.6,2797,3809,2682,675.1
2024-12-27,Australia -> Visakhapatnam,Port Hedland,Visakhapatnam,Iron Ore,Capesize,38.38,3185.5,2805,3778,2644,673.8
2024-12-27,Australia -> Paradip,Hay Point,Paradip,Coking Coal,Panamax,27.88,2314.0,2805,3778,2644,673.8
2024-12-27,Brazil -> Haldia,Tubarao,Haldia,Iron Ore,Capesize,49.09,4074.5,2805,3778,2644,673.8
2024-12-27,Indonesia -> Dhamra,Samarinda,Dhamra,Thermal Coal,Supramax,16.94,1406.0,2805,3778,2644,673.8
2024-12-27,South Africa -> Krishnapatnam,Richards Bay,Krishnapatnam,Coal,Panamax,24.84,2061.7,2805,3778,2644,673.8
2024-12-27,Australia -> Visakhapatnam,Newcastle,Visakhapatnam,Coking Coal,Panamax,27.66,2295.8,2805,3778,2644,673.8
2025-01-03,Australia -> Visakhapatnam,Port Hedland,Visakhapatnam,Iron Ore,Capesize,38.43,3189.7,2833,3871,2700,673.8
2025-01-03,Australia -> Paradip,Hay Point,Paradip,Coking Coal,Panamax,28.1,2332.3,2833,3871,2700,673.8
2025-01-03,Brazil -> Haldia,Tubarao,Haldia,Iron Ore,Capesize,49.05,4071.1,2833,3871,2700,673.8
2025-01-03,Indonesia -> Dhamra,Samarinda,Dhamra,Thermal Coal,Supramax,17.21,1428.4,2833,3871,2700,673.8
2025-01-03,South Africa -> Krishnapatnam,Richards Bay,Krishnapatnam,Coal,Panamax,24.77,2055.9,2833,3871,2700,673.8
2025-01-03,Australia -> Visakhapatnam,Newcastle,Visakhapatnam,Coking Coal,Panamax,29.0,2407.0,2833,3871,2700,673.8
2025-01-10,Australia -> Visakhapatnam,Port Hedland,Visakhapatnam,Iron Ore,Capesize,39.59,3286.0,2838,3846,2670,670.1
2025-01-10,Australia -> Paradip,Hay Point,Paradip,Coking Coal,Panamax,28.39,2356.4,2838,3846,2670,670.1
2025-01-10,Brazil -> Haldia,Tubarao,Haldia,Iron Ore,Capesize,49.95,4145.9,2838,3846,2670,670.1
2025-01-10,Indonesia -> Dhamra,Samarinda,Dhamra,Thermal Coal,Supramax,17.31,1436.7,2838,3846,2670,670.1
2025-01-10,South Africa -> Krishnapatnam,Richards Bay,Krishnapatnam,Coal,Panamax,24.7,2050.1,2838,3846,2670,670.1
2025-01-10,Australia -> Visakhapatnam,Newcastle,Visakhapatnam,Coking Coal,Panamax,28.93,2401.2,2838,3846,2670,670.1
2025-01-17,Australia -> Visakhapatnam,Port Hedland,Visakhapatnam,Iron Ore,Capesize,38.55,3199.6,2818,3825,2648,670.2
2025-01-17,Australia -> Paradip,Hay Point,Paradip,Coking Coal,Panamax,27.67,2296.6,2818,3825,2648,670.2
2025-01-17,Brazil -> Haldia,Tubarao,Haldia,Iron Ore,Capesize,49.59,4116.0,2818,3825,2648,670.2
2025-01-17,Indonesia -> Dhamra,Samarinda,Dhamra,Thermal Coal,Supramax,16.96,1407.7,2818,3825,2648,670.2
2025-01-17,South Africa -> Krishnapatnam,Richards Bay,Krishnapatnam,Coal,Panamax,24.64,2045.1,2818,3825,2648,670.2
2025-01-17,Australia -> Visakhapatnam,Newcastle,Visakhapatnam,Coking Coal,Panamax,28.17,2338.1,2818,3825,2648,670.2
2025-01-24,Australia -> Visakhapatnam,Port Hedland,Visakhapatnam,Iron Ore,Capesize,37.86,3142.4,2780,3758,2611,670.6
2025-01-24,Australia -> Paradip,Hay Point,Paradip,Coking Coal,Panamax,27.87,2313.2,2780,3758,2611,670.6
2025-01-24,Brazil -> Haldia,Tubarao,Haldia,Iron Ore,Capesize,47.88,3974.0,2780,3758,2611,670.6
2025-01-24,Indonesia -> Dhamra,Samarinda,Dhamra,Thermal Coal,Supramax,17.04,1414.3,2780,3758,2611,670.6
2025-01-24,South Africa -> Krishnapatnam,Richards Bay,Krishnapatnam,Coal,Panamax,24.6,2041.8,2780,3758,2611,670.6
2025-01-24,Australia -> Visakhapatnam,Newcastle,Visakhapatnam,Coking Coal,Panamax,28.29,2348.1,2780,3758,2611,670.6
2025-01-31,Australia -> Visakhapatnam,Port Hedland,Visakhapatnam,Iron Ore,Capesize,38.22,3172.3,2815,3761,2650,667.8
2025-01-31,Australia -> Paradip,Hay Point,Paradip,Coking Coal,Panamax,27.49,2281.7,2815,3761,2650,667.8
2025-01-31,Brazil -> Haldia,Tubarao,Haldia,Iron Ore,Capesize,49.78,4131.7,2815,3761,2650,667.8
2025-01-31,Indonesia -> Dhamra,Samarinda,Dhamra,Thermal Coal,Supramax,16.38,1359.5,2815,3761,2650,667.8
2025-01-31,South Africa -> Krishnapatnam,Richards Bay,Krishnapatnam,Coal,Panamax,24.47,2031.0,2815,3761,2650,667.8
2025-01-31,Australia -> Visakhapatnam,Newcastle,Visakhapatnam,Coking Coal,Panamax,27.95,2319.8,2815,3761,2650,667.8
2025-02-07,Australia -> Visakhapatnam,Port Hedland,Visakhapatnam,Iron Ore,Capesize,38.93,3231.2,2809,3799,2698,665.6
2025-02-07,Australia -> Paradip,Hay Point,Paradip,Coking Coal,Panamax,27.95,2319.8,2809,3799,2698,665.6
2025-02-07,Brazil -> Haldia,Tubarao,Haldia,Iron Ore,Capesize,49.42,4101.9,2809,3799,2698,665.6
2025-02-07,Indonesia -> Dhamra,Samarinda,Dhamra,Thermal Coal,Supramax,17.29,1435.1,2809,3799,2698,665.6
2025-02-07,South Africa -> Krishnapatnam,Richards Bay,Krishnapatnam,Coal,Panamax,25.0,2075.0,2809,3799,2698,665.6
2025-02-07,Australia -> Visakhapatnam,Newcastle,Visakhapatnam,Coking Coal,Panamax,27.45,2278.3,2809,3799,2698,665.6
2025-02-14,Australia -> Visakhapatnam,Port Hedland,Visakhapatnam,Iron Ore,Capesize,38.0,3154.0,2802,3788,2635,661.7
2025-02-14,Australia -> Paradip,Hay Point,Paradip,Coking Coal,Panamax,27.32,2267.6,2802,3788,2635,661.7
2025-02-14,Brazil -> Haldia,Tubarao,Haldia,Iron Ore,Capesize,48.93,4061.2,2802,3788,2635,661.7
2025-02-14,Indonesia -> Dhamra,Samarinda,Dhamra,Thermal Coal,Supramax,17.13,1421.8,2802,3788,2635,661.7
2025-02-14,South Africa -> Krishnapatnam,Richards Bay,Krishnapatnam,Coal,Panamax,24.62,2043.5,2802,3788,2635,661.7
2025-02-14,Australia -> Visakhapatnam,Newcastle,Visakhapatnam,Coking Coal,Panamax,28.59,2373.0,2802,3788,2635,661.7
2025-02-21,Australia -> Visakhapatnam,Port Hedland,Visakhapatnam,Iron Ore,Capesize,38.69,3211.3,2771,3743,2605,659.4
2025-02-21,Australia -> Paradip,Hay Point,Paradip,Coking Coal,Panamax,27.64,2294.1,2771,3743,2605,659.4
2025-02-21,Brazil -> Haldia,Tubarao,Haldia,Iron Ore,Capesize,48.46,4022.2,2771,3743,2605,659.4
2025-02-21,Indonesia -> Dhamra,Samarinda,Dhamra,Thermal Coal,Supramax,15.76,1308.1,2771,3743,2605,659.4
2025-02-21,South Africa -> Krishnapatnam,Richards Bay,Krishnapatnam,Coal,Panamax,23.57,1956.3,2771,3743,2605,659.4
2025-02-21,Australia -> Visakhapatnam,Newcastle,Visakhapatnam,Coking Coal,Panamax,28.39,2356.4,2771,3743,2605,659.4
2025-02-28,Australia -> Visakhapatnam,Port Hedland,Visakhapatnam,Iron Ore,Capesize,38.29,3178.1,2806,3794,2637,663.1
2025-02-28,Australia -> Paradip,Hay Point,Paradip,Coking Coal,Panamax,28.1,2332.3,2806,3794,2637,663.1
2025-02-28,Brazil -> Haldia,Tubarao,Haldia,Iron Ore,Capesize,49.25,4087.8,2806,3794,2637,663.1
2025-02-28,Indonesia -> Dhamra,Samarinda,Dhamra,Thermal Coal,Supramax,17.1,1419.3,2806,3794,2637,663.1
2025-02-28,South Africa -> Krishnapatnam,Richards Bay,Krishnapatnam,Coal,Panamax,24.89,2065.9,2806,3794,2637,663.1
2025-02-28,Australia -> Visakhapatnam,Newcastle,Visakhapatnam,Coking Coal,Panamax,27.9,2315.7,2806,3794,2637,663.1
2025-03-07,Australia -> Visakhapatnam,Port Hedland,Visakhapatnam,Iron Ore,Capesize,37.96,3150.7,2773,3710,2619,665.9
2025-03-07,Australia -> Paradip,Hay Point,Paradip,Coking Coal,Panamax,27.68,2297.4,2773,3710,2619,665.9
2025-03-07,Brazil -> Haldia,Tubarao,Haldia,Iron Ore,Capesize,48.27,4006.4,2773,3710,2619,665.9
2025-03-07,Indonesia -> Dhamra,Samarinda,Dhamra,Thermal Coal,Supramax,16.91,1403.5,2773,3710,2619,665.9
2025-03-07,South Africa -> Krishnapatnam,Richards Bay,Krishnapatnam,Coal,Panamax,23.69,1966.3,2773,3710,2619,665.9
2025-03-07,Australia -> Visakhapatnam,Newcastle,Visakhapatnam,Coking Coal,Panamax,28.52,2367.2,2773,3710,2619,665.9
2025-03-14,Australia -> Visakhapatnam,Port Hedland,Visakhapatnam,Iron Ore,Capesize,38.32,3180.6,2794,3772,2683,662.3
2025-03-14,Australia -> Paradip,Hay Point,Paradip,Coking Coal,Panamax,27.79,2306.6,2794,3772,2683,662.3
2025-03-14,Brazil -> Haldia,Tubarao,Haldia,Iron Ore,Capesize,48.65,4037.9,2794,3772,2683,662.3
2025-03-14,Indonesia -> Dhamra,Samarinda,Dhamra,Thermal Coal,Supramax,17.06,1416.0,2794,3772,2683,662.3
2025-03-14,South Africa -> Krishnapatnam,Richards Bay,Krishnapatnam,Coal,Panamax,25.18,2089.9,2794,3772,2683,662.3
2025-03-14,Australia -> Visakhapatnam,Newcastle,Visakhapatnam,Coking Coal,Panamax,27.78,2305.7,2794,3772,2683,662.3
2025-03-21,Australia -> Visakhapatnam,Port Hedland,Visakhapatnam,Iron Ore,Capesize,38.75,3216.2,2819,3759,2664,666.5
2025-03-21,Australia -> Paradip,Hay Point,Paradip,Coking Coal,Panamax,27.26,2262.6,2819,3759,2664,666.5
2025-03-21,Brazil -> Haldia,Tubarao,Haldia,Iron Ore,Capesize,50.04,4153.3,2819,3759,2664,666.5
2025-03-21,Indonesia -> Dhamra,Samarinda,Dhamra,Thermal Coal,Supramax,16.67,1383.6,2819,3759,2664,666.5
2025-03-21,South Africa -> Krishnapatnam,Richards Bay,Krishnapatnam,Coal,Panamax,24.96,2071.7,2819,3759,2664,666.5
2025-03-21,Australia -> Visakhapatnam,Newcastle,Visakhapatnam,Coking Coal,Panamax,28.45,2361.3,2819,3759,2664,666.5
2025-03-28,Australia -> Visakhapatnam,Port Hedland,Visakhapatnam,Iron Ore,Capesize,37.66,3125.8,2787,3775,2666,668.3
2025-03-28,Australia -> Paradip,Hay Point,Paradip,Coking Coal,Panamax,26.63,2210.3,2787,3775,2666,668.3
2025-03-28,Brazil -> Haldia,Tubarao,Haldia,Iron Ore,Capesize,49.13,4077.8,2787,3775,2666,668.3
2025-03-28,Indonesia -> Dhamra,Samarinda,Dhamra,Thermal Coal,Supramax,16.8,1394.4,2787,3775,2666,668.3
2025-03-28,South Africa -> Krishnapatnam,Richards Bay,Krishnapatnam,Coal,Panamax,24.78,2056.7,2787,3775,2666,668.3
2025-03-28,Australia -> Visakhapatnam,Newcastle,Visakhapatnam,Coking Coal,Panamax,27.58,2289.1,2787,3775,2666,668.3
2025-04-04,Australia -> Visakhapatnam,Port Hedland,Visakhapatnam,Iron Ore,Capesize,37.56,3117.5,2758,3673,2608,667.3
2025-04-04,Australia -> Paradip,Hay Point,Paradip,Coking Coal,Panamax,26.3,2182.9,2758,3673,2608,667.3
2025-04-04,Brazil -> Haldia,Tubarao,Haldia,Iron Ore,Capesize,47.77,3964.9,2758,3673,2608,667.3
2025-04-04,Indonesia -> Dhamra,Samarinda,Dhamra,Thermal Coal,Supramax,16.33,1355.4,2758,3673,2608,667.3
2025-04-04,South Africa -> Krishnapatnam,Richards Bay,Krishnapatnam,Coal,Panamax,24.22,2010.3,2758,3673,2608,667.3
2025-04-04,Australia -> Visakhapatnam,Newcastle,Visakhapatnam,Coking Coal,Panamax,27.43,2276.7,2758,3673,2608,667.3
2025-04-11,Australia -> Visakhapatnam,Port Hedland,Visakhapatnam,Iron Ore,Capesize,37.14,3082.6,2721,3659,2561,668.2
2025-04-11,Australia -> Paradip,Hay Point,Paradip,Coking Coal,Panamax,26.35,2187.1,2721,3659,2561,668.2
2025-04-11,Brazil -> Haldia,Tubarao,Haldia,Iron Ore,Capesize,47.3,3925.9,2721,3659,2561,668.2
2025-04-11,Indonesia -> Dhamra,Samarinda,Dhamra,Thermal Coal,Supramax,16.02,1329.7,2721,3659,2561,668.2
2025-04-11,South Africa -> Krishnapatnam,Richards Bay,Krishnapatnam,Coal,Panamax,23.15,1921.4,2721,3659,2561,668.2
2025-04-11,Australia -> Visakhapatnam,Newcastle,Visakhapatnam,Coking Coal,Panamax,27.86,2312.4,2721,3659,2561,668.2
2025-04-18,Australia -> Visakhapatnam,Port Hedland,Visakhapatnam,Iron Ore,Capesize,37.73,3131.6,2757,3770,2624,665.6
2025-04-18,Australia -> Paradip,Hay Point,Paradip,Coking Coal,Panamax,26.31,2183.7,2757,3770,2624,665.6
2025-04-18,Brazil -> Haldia,Tubarao,Haldia,Iron Ore,Capesize,47.94,3979.0,2757,3770,2624,665.6
2025-04-18,Indonesia -> Dhamra,Samarinda,Dhamra,Thermal Coal,Supramax,16.4,1361.2,2757,3770,2624,665.6
2025-04-18,South Africa -> Krishnapatnam,Richards Bay,Krishnapatnam,Coal,Panamax,23.43,1944.7,2757,3770,2624,665.6
2025-04-18,Australia -> Visakhapatnam,Newcastle,Visakhapatnam,Coking Coal,Panamax,27.47,2280.0,2757,3770,2624,665.6
2025-04-25,Australia -> Visakhapatnam,Port Hedland,Visakhapatnam,Iron Ore,Capesize,37.46,3109.2,2753,3716,2590,663.6
2025-04-25,Australia -> Paradip,Hay Point,Paradip,Coking Coal,Panamax,27.05,2245.2,2753,3716,2590,663.6
2025-04-25,Brazil -> Haldia,Tubarao,Haldia,Iron Ore,Capesize,48.34,4012.2,2753,3716,2590,663.6
2025-04-25,Indonesia -> Dhamra,Samarinda,Dhamra,Thermal Coal,Supramax,15.9,1319.7,2753,3716,2590,663.6
2025-04-25,South Africa -> Krishnapatnam,Richards Bay,Krishnapatnam,Coal,Panamax,23.47,1948.0,2753,3716,2590,663.6
2025-04-25,Australia -> Visakhapatnam,Newcastle,Visakhapatnam,Coking Coal,Panamax,27.23,2260.1,2753,3716,2590,663.6
2025-05-02,Australia -> Visakhapatnam,Port Hedland,Visakhapatnam,Iron Ore,Capesize,38.14,3165.6,2793,3754,2661,666.2
2025-05-02,Australia -> Paradip,Hay Point,Paradip,Coking Coal,Panamax,26.97,2238.5,2793,3754,2661,666.2
2025-05-02,Brazil -> Haldia,Tubarao,Haldia,Iron Ore,Capesize,49.39,4099.4,2793,3754,2661,666.2
2025-05-02,Indonesia -> Dhamra,Samarinda,Dhamra,Thermal Coal,Supramax,17.2,1427.6,2793,3754,2661,666.2
2025-05-02,South Africa -> Krishnapatnam,Richards Bay,Krishnapatnam,Coal,Panamax,25.2,2091.6,2793,3754,2661,666.2
2025-05-02,Australia -> Visakhapatnam,Newcastle,Visakhapatnam,Coking Coal,Panamax,27.35,2270.1,2793,3754,2661,666.2
2025-05-09,Australia -> Visakhapatnam,Port Hedland,Visakhapatnam,Iron Ore,Capesize,38.99,3236.2,2781,3799,2624,664.8
2025-05-09,Australia -> Paradip,Hay Point,Paradip,Coking Coal,Panamax,27.87,2313.2,2781,3799,2624,664.8
2025-05-09,Brazil -> Haldia,Tubarao,Haldia,Iron Ore,Capesize,48.34,4012.2,2781,3799,2624,664.8
2025-05-09,Indonesia -> Dhamra,Samarinda,Dhamra,Thermal Coal,Supramax,16.86,1399.4,2781,3799,2624,664.8
2025-05-09,South Africa -> Krishnapatnam,Richards Bay,Krishnapatnam,Coal,Panamax,24.32,2018.6,2781,3799,2624,664.8
2025-05-09,Australia -> Visakhapatnam,Newcastle,Visakhapatnam,Coking Coal,Panamax,27.94,2319.0,2781,3799,2624,664.8
2025-05-16,Australia -> Visakhapatnam,Port Hedland,Visakhapatnam,Iron Ore,Capesize,37.38,3102.5,2763,3718,2644,664.0
2025-05-16,Australia -> Paradip,Hay Point,Paradip,Coking Coal,Panamax,27.04,2244.3,2763,3718,2644,664.0
2025-05-16,Brazil -> Haldia,Tubarao,Haldia,Iron Ore,Capesize,48.51,4026.3,2763,3718,2644,664.0
2025-05-16,Indonesia -> Dhamra,Samarinda,Dhamra,Thermal Coal,Supramax,16.51,1370.3,2763,3718,2644,664.0
2025-05-16,South Africa -> Krishnapatnam,Richards Bay,Krishnapatnam,Coal,Panamax,24.47,2031.0,2763,3718,2644,664.0
2025-05-16,Australia -> Visakhapatnam,Newcastle,Visakhapatnam,Coking Coal,Panamax,27.71,2299.9,2763,3718,2644,664.0
2025-05-23,Australia -> Visakhapatnam,Port Hedland,Visakhapatnam,Iron Ore,Capesize,38.21,3171.4,2803,3780,2675,663.6
2025-05-23,Australia -> Paradip,Hay Point,Paradip,Coking Coal,Panamax,27.64,2294.1,2803,3780,2675,663.6
2025-05-23,Brazil -> Haldia,Tubarao,Haldia,Iron Ore,Capesize,49.57,4114.3,2803,3780,2675,663.6
2025-05-23,Indonesia -> Dhamra,Samarinda,Dhamra,Thermal Coal,Supramax,17.15,1423.4,2803,3780,2675,663.6
2025-05-23,South Africa -> Krishnapatnam,Richards Bay,Krishnapatnam,Coal,Panamax,24.38,2023.5,2803,3780,2675,663.6
2025-05-23,Australia -> Visakhapatnam,Newcastle,Visakhapatnam,Coking Coal,Panamax,28.03,2326.5,2803,3780,2675,663.6
2025-05-30,Australia -> Visakhapatnam,Port Hedland,Visakhapatnam,Iron Ore,Capesize,39.2,3253.6,2817,3777,2685,665.5
2025-05-30,Australia -> Paradip,Hay Point,Paradip,Coking Coal,Panamax,26.79,2223.6,2817,3777,2685,665.5
2025-05-30,Brazil -> Haldia,Tubarao,Haldia,Iron Ore,Capesize,50.09,4157.5,2817,3777,2685,665.5
2025-05-30,Indonesia -> Dhamra,Samarinda,Dhamra,Thermal Coal,Supramax,16.73,1388.6,2817,3777,2685,665.5
2025-05-30,South Africa -> Krishnapatnam,Richards Bay,Krishnapatnam,Coal,Panamax,24.49,2032.7,2817,3777,2685,665.5
2025-05-30,Australia -> Visakhapatnam,Newcastle,Visakhapatnam,Coking Coal,Panamax,28.18,2338.9,2817,3777,2685,665.5
2025-06-06,Australia -> Visakhapatnam,Port Hedland,Visakhapatnam,Iron Ore,Capesize,39.03,3239.5,2854,3873,2714,668.0
2025-06-06,Australia -> Paradip,Hay Point,Paradip,Coking Coal,Panamax,28.47,2363.0,2854,3873,2714,668.0
2025-06-06,Brazil -> Haldia,Tubarao,Haldia,Iron Ore,Capesize,50.02,4151.7,2854,3873,2714,668.0
2025-06-06,Indonesia -> Dhamra,Samarinda,Dhamra,Thermal Coal,Supramax,17.21,1428.4,2854,3873,2714,668.0
2025-06-06,South Africa -> Krishnapatnam,Richards Bay,Krishnapatnam,Coal,Panamax,24.32,2018.6,2854,3873,2714,668.0
2025-06-06,Australia -> Visakhapatnam,Newcastle,Visakhapatnam,Coking Coal,Panamax,28.98,2405.3,2854,3873,2714,668.0
2025-06-13,Australia -> Visakhapatnam,Port Hedland,Visakhapatnam,Iron Ore,Capesize,40.25,3340.8,2870,3861,2736,664.3
2025-06-13,Australia -> Paradip,Hay Point,Paradip,Coking Coal,Panamax,28.27,2346.4,2870,3861,2736,664.3
2025-06-13,Brazil -> Haldia,Tubarao,Haldia,Iron Ore,Capesize,50.08,4156.6,2870,3861,2736,664.3
2025-06-13,Indonesia -> Dhamra,Samarinda,Dhamra,Thermal Coal,Supramax,17.49,1451.7,2870,3861,2736,664.3
2025-06-13,South Africa -> Krishnapatnam,Richards Bay,Krishnapatnam,Coal,Panamax,25.87,2147.2,2870,3861,2736,664.3
2025-06-13,Australia -> Visakhapatnam,Newcastle,Visakhapatnam,Coking Coal,Panamax,28.6,2373.8,2870,3861,2736,664.3
2025-06-20,Australia -> Visakhapatnam,Port Hedland,Visakhapatnam,Iron Ore,Capesize,39.09,3244.5,2833,3801,2692,664.6
2025-06-20,Australia -> Paradip,Hay Point,Paradip,Coking Coal,Panamax,27.75,2303.2,2833,3801,2692,664.6
2025-06-20,Brazil -> Haldia,Tubarao,Haldia,Iron Ore,Capesize,49.51,4109.3,2833,3801,2692,664.6
2025-06-20,Indonesia -> Dhamra,Samarinda,Dhamra,Thermal Coal,Supramax,16.69,1385.3,2833,3801,2692,664.6
2025-06-20,South Africa -> Krishnapatnam,Richards Bay,Krishnapatnam,Coal,Panamax,25.23,2094.1,2833,3801,2692,664.6
2025-06-20,Australia -> Visakhapatnam,Newcastle,Visakhapatnam,Coking Coal,Panamax,28.48,2363.8,2833,3801,2692,664.6
2025-06-27,Australia -> Visakhapatnam,Port Hedland,Visakhapatnam,Iron Ore,Capesize,38.88,3227.0,2837,3814,2666,661.4
2025-06-27,Australia -> Paradip,Hay Point,Paradip,Coking Coal,Panamax,28.4,2357.2,2837,3814,2666,661.4
2025-06-27,Brazil -> Haldia,Tubarao,Haldia,Iron Ore,Capesize,49.04,4070.3,2837,3814,2666,661.4
2025-06-27,Indonesia -> Dhamra,Samarinda,Dhamra,Thermal Coal,Supramax,17.59,1460.0,2837,3814,2666,661.4
2025-06-27,South Africa -> Krishnapatnam,Richards Bay,Krishnapatnam,Coal,Panamax,24.25,2012.8,2837,3814,2666,661.4
2025-06-27,Australia -> Visakhapatnam,Newcastle,Visakhapatnam,Coking Coal,Panamax,28.07,2329.8,2837,3814,2666,661.4
2025-07-04,Australia -> Visakhapatnam,Port Hedland,Visakhapatnam,Iron Ore,Capesize,38.91,3229.5,2836,3800,2693,661.4
2025-07-04,Australia -> Paradip,Hay Point,Paradip,Coking Coal,Panamax,27.97,2321.5,2836,3800,2693,661.4
2025-07-04,Brazil -> Haldia,Tubarao,Haldia,Iron Ore,Capesize,49.35,4096.1,2836,3800,2693,661.4
2025-07-04,Indonesia -> Dhamra,Samarinda,Dhamra,Thermal Coal,Supramax,16.56,1374.5,2836,3800,2693,661.4
2025-07-04,South Africa -> Krishnapatnam,Richards Bay,Krishnapatnam,Coal,Panamax,25.32,2101.6,2836,3800,2693,661.4
2025-07-04,Australia -> Visakhapatnam,Newcastle,Visakhapatnam,Coking Coal,Panamax,27.75,2303.2,2836,3800,2693,661.4
2025-07-11,Australia -> Visakhapatnam,Port Hedland,Visakhapatnam,Iron Ore,Capesize,40.22,3338.3,2868,3887,2735,658.7
2025-07-11,Australia -> Paradip,Hay Point,Paradip,Coking Coal,Panamax,27.56,2287.5,2868,3887,2735,658.7
2025-07-11,Brazil -> Haldia,Tubarao,Haldia,Iron Ore,Capesize,49.68,4123.4,2868,3887,2735,658.7
2025-07-11,Indonesia -> Dhamra,Samarinda,Dhamra,Thermal Coal,Supramax,16.52,1371.2,2868,3887,2735,658.7
2025-07-11,South Africa -> Krishnapatnam,Richards Bay,Krishnapatnam,Coal,Panamax,25.2,2091.6,2868,3887,2735,658.7
2025-07-11,Australia -> Visakhapatnam,Newcastle,Visakhapatnam,Coking Coal,Panamax,29.42,2441.9,2868,3887,2735,658.7
2025-07-18,Australia -> Visakhapatnam,Port Hedland,Visakhapatnam,Iron Ore,Capesize,39.08,3243.6,2850,3838,2688,660.0
2025-07-18,Australia -> Paradip,Hay Point,Paradip,Coking Coal,Panamax,27.04,2244.3,2850,3838,2688,660.0
2025-07-18,Brazil -> Haldia,Tubarao,Haldia,Iron Ore,Capesize,50.06,4155.0,2850,3838,2688,660.0
2025-07-18,Indonesia -> Dhamra,Samarinda,Dhamra,Thermal Coal,Supramax,16.47,1367.0,2850,3838,2688,660.0
2025-07-18,South Africa -> Krishnapatnam,Richards Bay,Krishnapatnam,Coal,Panamax,25.09,2082.5,2850,3838,2688,660.0
2025-07-18,Australia -> Visakhapatnam,Newcastle,Visakhapatnam,Coking Coal,Panamax,28.32,2350.6,2850,3838,2688,660.0
2025-07-25,Australia -> Visakhapatnam,Port Hedland,Visakhapatnam,Iron Ore,Capesize,38.77,3217.9,2870,3845,2741,662.6
2025-07-25,Australia -> Paradip,Hay Point,Paradip,Coking Coal,Panamax,27.35,2270.1,2870,3845,2741,662.6
2025-07-25,Brazil -> Haldia,Tubarao,Haldia,Iron Ore,Capesize,50.83,4218.9,2870,3845,2741,662.6
2025-07-25,Indonesia -> Dhamra,Samarinda,Dhamra,Thermal Coal,Supramax,16.58,1376.1,2870,3845,2741,662.6
2025-07-25,South Africa -> Krishnapatnam,Richards Bay,Krishnapatnam,Coal,Panamax,24.84,2061.7,2870,3845,2741,662.6
2025-07-25,Australia -> Visakhapatnam,Newcastle,Visakhapatnam,Coking Coal,Panamax,28.64,2377.1,2870,3845,2741,662.6
2025-08-01,Australia -> Visakhapatnam,Port Hedland,Visakhapatnam,Iron Ore,Capesize,39.4,3270.2,2854,3889,2713,663.8
2025-08-01,Australia -> Paradip,Hay Point,Paradip,Coking Coal,Panamax,28.01,2324.8,2854,3889,2713,663.8
2025-08-01,Brazil -> Haldia,Tubarao,Haldia,Iron Ore,Capesize,50.09,4157.5,2854,3889,2713,663.8
2025-08-01,Indonesia -> Dhamra,Samarinda,Dhamra,Thermal Coal,Supramax,16.74,1389.4,2854,3889,2713,663.8
2025-08-01,South Africa -> Krishnapatnam,Richards Bay,Krishnapatnam,Coal,Panamax,25.53,2119.0,2854,3889,2713,663.8
2025-08-01,Australia -> Visakhapatnam,Newcastle,Visakhapatnam,Coking Coal,Panamax,28.73,2384.6,2854,3889,2713,663.8
2025-08-08,Australia -> Visakhapatnam,Port Hedland,Visakhapatnam,Iron Ore,Capesize,38.99,3236.2,2883,3913,2727,664.9
2025-08-08,Australia -> Paradip,Hay Point,Paradip,Coking Coal,Panamax,27.53,2285.0,2883,3913,2727,664.9
2025-08-08,Brazil -> Haldia,Tubarao,Haldia,Iron Ore,Capesize,49.85,4137.6,2883,3913,2727,664.9
2025-08-08,Indonesia -> Dhamra,Samarinda,Dhamra,Thermal Coal,Supramax,16.85,1398.6,2883,3913,2727,664.9
2025-08-08,South Africa -> Krishnapatnam,Richards Bay,Krishnapatnam,Coal,Panamax,24.72,2051.8,2883,3913,2727,664.9
2025-08-08,Australia -> Visakhapatnam,Newcastle,Visakhapatnam,Coking Coal,Panamax,29.15,2419.4,2883,3913,2727,664.9
2025-08-15,Australia -> Visakhapatnam,Port Hedland,Visakhapatnam,Iron Ore,Capesize,39.21,3254.4,2888,3890,2721,664.0
2025-08-15,Australia -> Paradip,Hay Point,Paradip,Coking Coal,Panamax,28.38,2355.5,2888,3890,2721,664.0
2025-08-15,Brazil -> Haldia,Tubarao,Haldia,Iron Ore,Capesize,50.85,4220.6,2888,3890,2721,664.0
2025-08-15,Indonesia -> Dhamra,Samarinda,Dhamra,Thermal Coal,Supramax,17.42,1445.9,2888,3890,2721,664.0
2025-08-15,South Africa -> Krishnapatnam,Richards Bay,Krishnapatnam,Coal,Panamax,26.07,2163.8,2888,3890,2721,664.0
2025-08-15,Australia -> Visakhapatnam,Newcastle,Visakhapatnam,Coking Coal,Panamax,28.97,2404.5,2888,3890,2721,664.0
2025-08-22,Australia -> Visakhapatnam,Port Hedland,Visakhapatnam,Iron Ore,Capesize,39.04,3240.3,2890,3866,2735,663.7
2025-08-22,Australia -> Paradip,Hay Point,Paradip,Coking Coal,Panamax,27.96,2320.7,2890,3866,2735,663.7
2025-08-22,Brazil -> Haldia,Tubarao,Haldia,Iron Ore,Capesize,49.81,4134.2,2890,3866,2735,663.7
2025-08-22,Indonesia -> Dhamra,Samarinda,Dhamra,Thermal Coal,Supramax,16.62,1379.5,2890,3866,2735,663.7
2025-08-22,South Africa -> Krishnapatnam,Richards Bay,Krishnapatnam,Coal,Panamax,25.8,2141.4,2890,3866,2735,663.7
2025-08-22,Australia -> Visakhapatnam,Newcastle,Visakhapatnam,Coking Coal,Panamax,29.65,2460.9,2890,3866,2735,663.7
2025-08-29,Australia -> Visakhapatnam,Port Hedland,Visakhapatnam,Iron Ore,Capesize,40.35,3349.1,2895,3907,2761,663.1
2025-08-29,Australia -> Paradip,Hay Point,Paradip,Coking Coal,Panamax,28.21,2341.4,2895,3907,2761,663.1
2025-08-29,Brazil -> Haldia,Tubarao,Haldia,Iron Ore,Capesize,50.0,4150.0,2895,3907,2761,663.1
2025-08-29,Indonesia -> Dhamra,Samarinda,Dhamra,Thermal Coal,Supramax,16.48,1367.8,2895,3907,2761,663.1
2025-08-29,South Africa -> Krishnapatnam,Richards Bay,Krishnapatnam,Coal,Panamax,25.75,2137.2,2895,3907,2761,663.1
2025-08-29,Australia -> Visakhapatnam,Newcastle,Visakhapatnam,Coking Coal,Panamax,28.62,2375.5,2895,3907,2761,663.1
2025-09-05,Australia -> Visakhapatnam,Port Hedland,Visakhapatnam,Iron Ore,Capesize,39.99,3319.2,2880,3892,2716,662.9
2025-09-05,Australia -> Paradip,Hay Point,Paradip,Coking Coal,Panamax,28.51,2366.3,2880,3892,2716,662.9
2025-09-05,Brazil -> Haldia,Tubarao,Haldia,Iron Ore,Capesize,50.49,4190.7,2880,3892,2716,662.9
2025-09-05,Indonesia -> Dhamra,Samarinda,Dhamra,Thermal Coal,Supramax,16.52,1371.2,2880,3892,2716,662.9
2025-09-05,South Africa -> Krishnapatnam,Richards Bay,Krishnapatnam,Coal,Panamax,24.59,2041.0,2880,3892,2716,662.9
2025-09-05,Australia -> Visakhapatnam,Newcastle,Visakhapatnam,Coking Coal,Panamax,29.24,2426.9,2880,3892,2716,662.9
2025-09-12,Australia -> Visakhapatnam,Port Hedland,Visakhapatnam,Iron Ore,Capesize,40.37,3350.7,2910,3916,2784,659.2
2025-09-12,Australia -> Paradip,Hay Point,Paradip,Coking Coal,Panamax,28.45,2361.3,2910,3916,2784,659.2
2025-09-12,Brazil -> Haldia,Tubarao,Haldia,Iron Ore,Capesize,51.72,4292.8,2910,3916,2784,659.2
2025-09-12,Indonesia -> Dhamra,Samarinda,Dhamra,Thermal Coal,Supramax,16.68,1384.4,2910,3916,2784,659.2
2025-09-12,South Africa -> Krishnapatnam,Richards Bay,Krishnapatnam,Coal,Panamax,26.0,2158.0,2910,3916,2784,659.2
2025-09-12,Australia -> Visakhapatnam,Newcastle,Visakhapatnam,Coking Coal,Panamax,29.51,2449.3,2910,3916,2784,659.2
2025-09-19,Australia -> Visakhapatnam,Port Hedland,Visakhapatnam,Iron Ore,Capesize,40.36,3349.9,2898,3962,2750,658.1
2025-09-19,Australia -> Paradip,Hay Point,Paradip,Coking Coal,Panamax,28.16,2337.3,2898,3962,2750,658.1
2025-09-19,Brazil -> Haldia,Tubarao,Haldia,Iron Ore,Capesize,51.51,4275.3,2898,3962,2750,658.1
2025-09-19,Indonesia -> Dhamra,Samarinda,Dhamra,Thermal Coal,Supramax,17.68,1467.4,2898,3962,2750,658.1
2025-09-19,South Africa -> Krishnapatnam,Richards Bay,Krishnapatnam,Coal,Panamax,24.94,2070.0,2898,3962,2750,658.1
2025-09-19,Australia -> Visakhapatnam,Newcastle,Visakhapatnam,Coking Coal,Panamax,29.48,2446.8,2898,3962,2750,658.1
2025-09-26,Australia -> Visakhapatnam,Port Hedland,Visakhapatnam,Iron Ore,Capesize,39.47,3276.0,2909,3912,2776,659.3
2025-09-26,Australia -> Paradip,Hay Point,Paradip,Coking Coal,Panamax,27.79,2306.6,2909,3912,2776,659.3
2025-09-26,Brazil -> Haldia,Tubarao,Haldia,Iron Ore,Capesize,50.44,4186.5,2909,3912,2776,659.3
2025-09-26,Indonesia -> Dhamra,Samarinda,Dhamra,Thermal Coal,Supramax,16.84,1397.7,2909,3912,2776,659.3
2025-09-26,South Africa -> Krishnapatnam,Richards Bay,Krishnapatnam,Coal,Panamax,24.75,2054.2,2909,3912,2776,659.3
2025-09-26,Australia -> Visakhapatnam,Newcastle,Visakhapatnam,Coking Coal,Panamax,28.85,2394.6,2909,3912,2776,659.3
2025-10-03,Australia -> Visakhapatnam,Port Hedland,Visakhapatnam,Iron Ore,Capesize,39.47,3276.0,2895,3912,2740,661.0
2025-10-03,Australia -> Paradip,Hay Point,Paradip,Coking Coal,Panamax,27.86,2312.4,2895,3912,2740,661.0
2025-10-03,Brazil -> Haldia,Tubarao,Haldia,Iron Ore,Capesize,51.24,4252.9,2895,3912,2740,661.0
2025-10-03,Indonesia -> Dhamra,Samarinda,Dhamra,Thermal Coal,Supramax,18.0,1494.0,2895,3912,2740,661.0
2025-10-03,South Africa -> Krishnapatnam,Richards Bay,Krishnapatnam,Coal,Panamax,25.62,2126.5,2895,3912,2740,661.0
2025-10-03,Australia -> Visakhapatnam,Newcastle,Visakhapatnam,Coking Coal,Panamax,28.31,2349.7,2895,3912,2740,661.0
2025-10-10,Australia -> Visakhapatnam,Port Hedland,Visakhapatnam,Iron Ore,Capesize,40.98,3401.3,2937,3994,2815,665.2
2025-10-10,Australia -> Paradip,Hay Point,Paradip,Coking Coal,Panamax,28.04,2327.3,2937,3994,2815,665.2
2025-10-10,Brazil -> Haldia,Tubarao,Haldia,Iron Ore,Capesize,51.99,4315.2,2937,3994,2815,665.2
2025-10-10,Indonesia -> Dhamra,Samarinda,Dhamra,Thermal Coal,Supramax,17.08,1417.6,2937,3994,2815,665.2
2025-10-10,South Africa -> Krishnapatnam,Richards Bay,Krishnapatnam,Coal,Panamax,26.04,2161.3,2937,3994,2815,665.2
2025-10-10,Australia -> Visakhapatnam,Newcastle,Visakhapatnam,Coking Coal,Panamax,29.9,2481.7,2937,3994,2815,665.2
2025-10-17,Australia -> Visakhapatnam,Port Hedland,Visakhapatnam,Iron Ore,Capesize,40.37,3350.7,2962,4017,2814,665.9
2025-10-17,Australia -> Paradip,Hay Point,Paradip,Coking Coal,Panamax,28.75,2386.2,2962,4017,2814,665.9
2025-10-17,Brazil -> Haldia,Tubarao,Haldia,Iron Ore,Capesize,51.77,4296.9,2962,4017,2814,665.9
2025-10-17,Indonesia -> Dhamra,Samarinda,Dhamra,Thermal Coal,Supramax,17.84,1480.7,2962,4017,2814,665.9
2025-10-17,South Africa -> Krishnapatnam,Richards Bay,Krishnapatnam,Coal,Panamax,26.53,2202.0,2962,4017,2814,665.9
2025-10-17,Australia -> Visakhapatnam,Newcastle,Visakhapatnam,Coking Coal,Panamax,28.98,2405.3,2962,4017,2814,665.9
2025-10-24,Australia -> Visakhapatnam,Port Hedland,Visakhapatnam,Iron Ore,Capesize,41.54,3447.8,2968,3985,2846,664.9
2025-10-24,Australia -> Paradip,Hay Point,Paradip,Coking Coal,Panamax,28.67,2379.6,2968,3985,2846,664.9
2025-10-24,Brazil -> Haldia,Tubarao,Haldia,Iron Ore,Capesize,51.15,4245.4,2968,3985,2846,664.9
2025-10-24,Indonesia -> Dhamra,Samarinda,Dhamra,Thermal Coal,Supramax,18.1,1502.3,2968,3985,2846,664.9
2025-10-24,South Africa -> Krishnapatnam,Richards Bay,Krishnapatnam,Coal,Panamax,26.35,2187.1,2968,3985,2846,664.9
2025-10-24,Australia -> Visakhapatnam,Newcastle,Visakhapatnam,Coking Coal,Panamax,30.05,2494.2,2968,3985,2846,664.9
2025-10-31,Australia -> Visakhapatnam,Port Hedland,Visakhapatnam,Iron Ore,Capesize,40.88,3393.0,2969,4024,2812,661.4
2025-10-31,Australia -> Paradip,Hay Point,Paradip,Coking Coal,Panamax,28.5,2365.5,2969,4024,2812,661.4
2025-10-31,Brazil -> Haldia,Tubarao,Haldia,Iron Ore,Capesize,51.85,4303.6,2969,4024,2812,661.4
2025-10-31,Indonesia -> Dhamra,Samarinda,Dhamra,Thermal Coal,Supramax,17.21,1428.4,2969,4024,2812,661.4
2025-10-31,South Africa -> Krishnapatnam,Richards Bay,Krishnapatnam,Coal,Panamax,25.61,2125.6,2969,4024,2812,661.4
2025-10-31,Australia -> Visakhapatnam,Newcastle,Visakhapatnam,Coking Coal,Panamax,30.22,2508.3,2969,4024,2812,661.4
2025-11-07,Australia -> Visakhapatnam,Port Hedland,Visakhapatnam,Iron Ore,Capesize,40.45,3357.4,2960,4004,2816,661.4
2025-11-07,Australia -> Paradip,Hay Point,Paradip,Coking Coal,Panamax,29.15,2419.4,2960,4004,2816,661.4
2025-11-07,Brazil -> Haldia,Tubarao,Haldia,Iron Ore,Capesize,51.08,4239.6,2960,4004,2816,661.4
2025-11-07,Indonesia -> Dhamra,Samarinda,Dhamra,Thermal Coal,Supramax,16.97,1408.5,2960,4004,2816,661.4
2025-11-07,South Africa -> Krishnapatnam,Richards Bay,Krishnapatnam,Coal,Panamax,26.36,2187.9,2960,4004,2816,661.4
2025-11-07,Australia -> Visakhapatnam,Newcastle,Visakhapatnam,Coking Coal,Panamax,29.54,2451.8,2960,4004,2816,661.4
2025-11-14,Australia -> Visakhapatnam,Port Hedland,Visakhapatnam,Iron Ore,Capesize,41.07,3408.8,2933,3996,2783,657.4
2025-11-14,Australia -> Paradip,Hay Point,Paradip,Coking Coal,Panamax,28.13,2334.8,2933,3996,2783,657.4
2025-11-14,Brazil -> Haldia,Tubarao,Haldia,Iron Ore,Capesize,51.64,4286.1,2933,3996,2783,657.4
2025-11-14,Indonesia -> Dhamra,Samarinda,Dhamra,Thermal Coal,Supramax,16.87,1400.2,2933,3996,2783,657.4
2025-11-14,South Africa -> Krishnapatnam,Richards Bay,Krishnapatnam,Coal,Panamax,25.91,2150.5,2933,3996,2783,657.4
2025-11-14,Australia -> Visakhapatnam,Newcastle,Visakhapatnam,Coking Coal,Panamax,28.79,2389.6,2933,3996,2783,657.4
2025-11-21,Australia -> Visakhapatnam,Port Hedland,Visakhapatnam,Iron Ore,Capesize,40.68,3376.4,2973,3991,2834,655.5
2025-11-21,Australia -> Paradip,Hay Point,Paradip,Coking Coal,Panamax,29.64,2460.1,2973,3991,2834,655.5
2025-11-21,Brazil -> Haldia,Tubarao,Haldia,Iron Ore,Capesize,51.5,4274.5,2973,3991,2834,655.5
2025-11-21,Indonesia -> Dhamra,Samarinda,Dhamra,Thermal Coal,Supramax,17.53,1455.0,2973,3991,2834,655.5
2025-11-21,South Africa -> Krishnapatnam,Richards Bay,Krishnapatnam,Coal,Panamax,25.71,2133.9,2973,3991,2834,655.5
2025-11-21,Australia -> Visakhapatnam,Newcastle,Visakhapatnam,Coking Coal,Panamax,30.06,2495.0,2973,3991,2834,655.5
2025-11-28,Australia -> Visakhapatnam,Port Hedland,Visakhapatnam,Iron Ore,Capesize,40.61,3370.6,2956,4006,2820,651.5
2025-11-28,Australia -> Paradip,Hay Point,Paradip,Coking Coal,Panamax,28.24,2343.9,2956,4006,2820,651.5
2025-11-28,Brazil -> Haldia,Tubarao,Haldia,Iron Ore,Capesize,51.3,4257.9,2956,4006,2820,651.5
2025-11-28,Indonesia -> Dhamra,Samarinda,Dhamra,Thermal Coal,Supramax,17.88,1484.0,2956,4006,2820,651.5
2025-11-28,South Africa -> Krishnapatnam,Richards Bay,Krishnapatnam,Coal,Panamax,25.08,2081.6,2956,4006,2820,651.5
2025-11-28,Australia -> Visakhapatnam,Newcastle,Visakhapatnam,Coking Coal,Panamax,29.88,2480.0,2956,4006,2820,651.5
2025-12-05,Australia -> Visakhapatnam,Port Hedland,Visakhapatnam,Iron Ore,Capesize,40.38,3351.5,2986,4081,2832,648.6
2025-12-05,Australia -> Paradip,Hay Point,Paradip,Coking Coal,Panamax,28.94,2402.0,2986,4081,2832,648.6
2025-12-05,Brazil -> Haldia,Tubarao,Haldia,Iron Ore,Capesize,52.64,4369.1,2986,4081,2832,648.6
2025-12-05,Indonesia -> Dhamra,Samarinda,Dhamra,Thermal Coal,Supramax,17.14,1422.6,2986,4081,2832,648.6
2025-12-05,South Africa -> Krishnapatnam,Richards Bay,Krishnapatnam,Coal,Panamax,25.84,2144.7,2986,4081,2832,648.6
2025-12-05,Australia -> Visakhapatnam,Newcastle,Visakhapatnam,Coking Coal,Panamax,30.48,2529.8,2986,4081,2832,648.6
2025-12-12,Australia -> Visakhapatnam,Port Hedland,Visakhapatnam,Iron Ore,Capesize,41.51,3445.3,2961,4025,2828,645.7
2025-12-12,Australia -> Paradip,Hay Point,Paradip,Coking Coal,Panamax,28.31,2349.7,2961,4025,2828,645.7
2025-12-12,Brazil -> Haldia,Tubarao,Haldia,Iron Ore,Capesize,51.88,4306.0,2961,4025,2828,645.7
2025-12-12,Indonesia -> Dhamra,Samarinda,Dhamra,Thermal Coal,Supramax,16.84,1397.7,2961,4025,2828,645.7
2025-12-12,South Africa -> Krishnapatnam,Richards Bay,Krishnapatnam,Coal,Panamax,26.16,2171.3,2961,4025,2828,645.7
2025-12-12,Australia -> Visakhapatnam,Newcastle,Visakhapatnam,Coking Coal,Panamax,29.52,2450.2,2961,4025,2828,645.7
2025-12-19,Australia -> Visakhapatnam,Port Hedland,Visakhapatnam,Iron Ore,Capesize,41.34,3431.2,2984,4042,2814,645.0
2025-12-19,Australia -> Paradip,Hay Point,Paradip,Coking Coal,Panamax,29.68,2463.4,2984,4042,2814,645.0
2025-12-19,Brazil -> Haldia,Tubarao,Haldia,Iron Ore,Capesize,51.57,4280.3,2984,4042,2814,645.0
2025-12-19,Indonesia -> Dhamra,Samarinda,Dhamra,Thermal Coal,Supramax,17.12,1421.0,2984,4042,2814,645.0
2025-12-19,South Africa -> Krishnapatnam,Richards Bay,Krishnapatnam,Coal,Panamax,26.52,2201.2,2984,4042,2814,645.0
2025-12-19,Australia -> Visakhapatnam,Newcastle,Visakhapatnam,Coking Coal,Panamax,29.99,2489.2,2984,4042,2814,645.0
2025-12-26,Australia -> Visakhapatnam,Port Hedland,Visakhapatnam,Iron Ore,Capesize,40.62,3371.5,2979,4069,2819,642.2
2025-12-26,Australia -> Paradip,Hay Point,Paradip,Coking Coal,Panamax,28.39,2356.4,2979,4069,2819,642.2
2025-12-26,Brazil -> Haldia,Tubarao,Haldia,Iron Ore,Capesize,52.23,4335.1,2979,4069,2819,642.2
2025-12-26,Indonesia -> Dhamra,Samarinda,Dhamra,Thermal Coal,Supramax,17.89,1484.9,2979,4069,2819,642.2
2025-12-26,South Africa -> Krishnapatnam,Richards Bay,Krishnapatnam,Coal,Panamax,26.25,2178.8,2979,4069,2819,642.2
2025-12-26,Australia -> Visakhapatnam,Newcastle,Visakhapatnam,Coking Coal,Panamax,30.25,2510.8,2979,4069,2819,642.2
2026-01-02,Australia -> Visakhapatnam,Port Hedland,Visakhapatnam,Iron Ore,Capesize,41.18,3417.9,2992,4075,2852,640.7
2026-01-02,Australia -> Paradip,Hay Point,Paradip,Coking Coal,Panamax,29.19,2422.8,2992,4075,2852,640.7
2026-01-02,Brazil -> Haldia,Tubarao,Haldia,Iron Ore,Capesize,52.77,4379.9,2992,4075,2852,640.7
2026-01-02,Indonesia -> Dhamra,Samarinda,Dhamra,Thermal Coal,Supramax,17.48,1450.8,2992,4075,2852,640.7
2026-01-02,South Africa -> Krishnapatnam,Richards Bay,Krishnapatnam,Coal,Panamax,25.47,2114.0,2992,4075,2852,640.7
2026-01-02,Australia -> Visakhapatnam,Newcastle,Visakhapatnam,Coking Coal,Panamax,30.56,2536.5,2992,4075,2852,640.7
2026-01-09,Australia -> Visakhapatnam,Port Hedland,Visakhapatnam,Iron Ore,Capesize,41.78,3467.7,3027,4086,2852,640.8
2026-01-09,Australia -> Paradip,Hay Point,Paradip,Coking Coal,Panamax,29.56,2453.5,3027,4086,2852,640.8
2026-01-09,Brazil -> Haldia,Tubarao,Haldia,Iron Ore,Capesize,53.74,4460.4,3027,4086,2852,640.8
2026-01-09,Indonesia -> Dhamra,Samarinda,Dhamra,Thermal Coal,Supramax,18.79,1559.6,3027,4086,2852,640.8
2026-01-09,South Africa -> Krishnapatnam,Richards Bay,Krishnapatnam,Coal,Panamax,27.18,2255.9,3027,4086,2852,640.8
2026-01-09,Australia -> Visakhapatnam,Newcastle,Visakhapatnam,Coking Coal,Panamax,29.68,2463.4,3027,4086,2852,640.8
2026-01-16,Australia -> Visakhapatnam,Port Hedland,Visakhapatnam,Iron Ore,Capesize,42.42,3520.9,3054,4130,2893,642.4
2026-01-16,Australia -> Paradip,Hay Point,Paradip,Coking Coal,Panamax,30.51,2532.3,3054,4130,2893,642.4
2026-01-16,Brazil -> Haldia,Tubarao,Haldia,Iron Ore,Capesize,53.88,4472.0,3054,4130,2893,642.4
2026-01-16,Indonesia -> Dhamra,Samarinda,Dhamra,Thermal Coal,Supramax,17.4,1444.2,3054,4130,2893,642.4
2026-01-16,South Africa -> Krishnapatnam,Richards Bay,Krishnapatnam,Coal,Panamax,26.03,2160.5,3054,4130,2893,642.4
2026-01-16,Australia -> Visakhapatnam,Newcastle,Visakhapatnam,Coking Coal,Panamax,30.16,2503.3,3054,4130,2893,642.4
2026-01-23,Australia -> Visakhapatnam,Port Hedland,Visakhapatnam,Iron Ore,Capesize,41.65,3456.9,3014,4024,2880,642.5
2026-01-23,Australia -> Paradip,Hay Point,Paradip,Coking Coal,Panamax,29.39,2439.4,3014,4024,2880,642.5
2026-01-23,Brazil -> Haldia,Tubarao,Haldia,Iron Ore,Capesize,52.61,4366.6,3014,4024,2880,642.5
2026-01-23,Indonesia -> Dhamra,Samarinda,Dhamra,Thermal Coal,Supramax,18.26,1515.6,3014,4024,2880,642.5
2026-01-23,South Africa -> Krishnapatnam,Richards Bay,Krishnapatnam,Coal,Panamax,25.7,2133.1,3014,4024,2880,642.5
2026-01-23,Australia -> Visakhapatnam,Newcastle,Visakhapatnam,Coking Coal,Panamax,30.2,2506.6,3014,4024,2880,642.5
2026-01-30,Australia -> Visakhapatnam,Port Hedland,Visakhapatnam,Iron Ore,Capesize,41.06,3408.0,3021,4056,2858,642.7
2026-01-30,Australia -> Paradip,Hay Point,Paradip,Coking Coal,Panamax,29.95,2485.8,3021,4056,2858,642.7
2026-01-30,Brazil -> Haldia,Tubarao,Haldia,Iron Ore,Capesize,52.93,4393.2,3021,4056,2858,642.7
2026-01-30,Indonesia -> Dhamra,Samarinda,Dhamra,Thermal Coal,Supramax,17.8,1477.4,3021,4056,2858,642.7
2026-01-30,South Africa -> Krishnapatnam,Richards Bay,Krishnapatnam,Coal,Panamax,26.65,2211.9,3021,4056,2858,642.7
2026-01-30,Australia -> Visakhapatnam,Newcastle,Visakhapatnam,Coking Coal,Panamax,30.75,2552.2,3021,4056,2858,642.7
2026-02-06,Australia -> Visakhapatnam,Port Hedland,Visakhapatnam,Iron Ore,Capesize,42.26,3507.6,3033,4051,2893,644.7
2026-02-06,Australia -> Paradip,Hay Point,Paradip,Coking Coal,Panamax,28.87,2396.2,3033,4051,2893,644.7
2026-02-06,Brazil -> Haldia,Tubarao,Haldia,Iron Ore,Capesize,52.42,4350.9,3033,4051,2893,644.7
2026-02-06,Indonesia -> Dhamra,Samarinda,Dhamra,Thermal Coal,Supramax,17.94,1489.0,3033,4051,2893,644.7
2026-02-06,South Africa -> Krishnapatnam,Richards Bay,Krishnapatnam,Coal,Panamax,26.47,2197.0,3033,4051,2893,644.7
2026-02-06,Australia -> Visakhapatnam,Newcastle,Visakhapatnam,Coking Coal,Panamax,30.51,2532.3,3033,4051,2893,644.7
2026-02-13,Australia -> Visakhapatnam,Port Hedland,Visakhapatnam,Iron Ore,Capesize,41.79,3468.6,3015,4094,2879,641.7
2026-02-13,Australia -> Paradip,Hay Point,Paradip,Coking Coal,Panamax,29.72,2466.8,3015,4094,2879,641.7
2026-02-13,Brazil -> Haldia,Tubarao,Haldia,Iron Ore,Capesize,52.23,4335.1,3015,4094,2879,641.7
2026-02-13,Indonesia -> Dhamra,Samarinda,Dhamra,Thermal Coal,Supramax,18.67,1549.6,3015,4094,2879,641.7
2026-02-13,South Africa -> Krishnapatnam,Richards Bay,Krishnapatnam,Coal,Panamax,26.42,2192.9,3015,4094,2879,641.7
2026-02-13,Australia -> Visakhapatnam,Newcastle,Visakhapatnam,Coking Coal,Panamax,30.61,2540.6,3015,4094,2879,641.7
2026-02-20,Australia -> Visakhapatnam,Port Hedland,Visakhapatnam,Iron Ore,Capesize,41.31,3428.7,3031,4058,2857,644.1
2026-02-20,Australia -> Paradip,Hay Point,Paradip,Coking Coal,Panamax,30.17,2504.1,3031,4058,2857,644.1
2026-02-20,Brazil -> Haldia,Tubarao,Haldia,Iron Ore,Capesize,53.48,4438.8,3031,4058,2857,644.1
2026-02-20,Indonesia -> Dhamra,Samarinda,Dhamra,Thermal Coal,Supramax,17.28,1434.2,3031,4058,2857,644.1
2026-02-20,South Africa -> Krishnapatnam,Richards Bay,Krishnapatnam,Coal,Panamax,27.01,2241.8,3031,4058,2857,644.1
2026-02-20,Australia -> Visakhapatnam,Newcastle,Visakhapatnam,Coking Coal,Panamax,29.95,2485.8,3031,4058,2857,644.1
2026-02-27,Australia -> Visakhapatnam,Port Hedland,Visakhapatnam,Iron Ore,Capesize,41.08,3409.6,2993,4061,2848,640.7
2026-02-27,Australia -> Paradip,Hay Point,Paradip,Coking Coal,Panamax,28.96,2403.7,2993,4061,2848,640.7
2026-02-27,Brazil -> Haldia,Tubarao,Haldia,Iron Ore,Capesize,52.38,4347.5,2993,4061,2848,640.7
2026-02-27,Indonesia -> Dhamra,Samarinda,Dhamra,Thermal Coal,Supramax,17.92,1487.4,2993,4061,2848,640.7
2026-02-27,South Africa -> Krishnapatnam,Richards Bay,Krishnapatnam,Coal,Panamax,25.98,2156.3,2993,4061,2848,640.7
2026-02-27,Australia -> Visakhapatnam,Newcastle,Visakhapatnam,Coking Coal,Panamax,29.54,2451.8,2993,4061,2848,640.7
2026-03-06,Australia -> Visakhapatnam,Port Hedland,Visakhapatnam,Iron Ore,Capesize,40.69,3377.3,2958,4001,2823,638.6
2026-03-06,Australia -> Paradip,Hay Point,Paradip,Coking Coal,Panamax,28.11,2333.1,2958,4001,2823,638.6
2026-03-06,Brazil -> Haldia,Tubarao,Haldia,Iron Ore,Capesize,52.35,4345.1,2958,4001,2823,638.6
2026-03-06,Indonesia -> Dhamra,Samarinda,Dhamra,Thermal Coal,Supramax,17.19,1426.8,2958,4001,2823,638.6
2026-03-06,South Africa -> Krishnapatnam,Richards Bay,Krishnapatnam,Coal,Panamax,25.84,2144.7,2958,4001,2823,638.6
2026-03-06,Australia -> Visakhapatnam,Newcastle,Visakhapatnam,Coking Coal,Panamax,29.4,2440.2,2958,4001,2823,638.6
2026-03-13,Australia -> Visakhapatnam,Port Hedland,Visakhapatnam,Iron Ore,Capesize,40.92,3396.4,2927,3995,2802,639.1
2026-03-13,Australia -> Paradip,Hay Point,Paradip,Coking Coal,Panamax,28.93,2401.2,2927,3995,2802,639.1
2026-03-13,Brazil -> Haldia,Tubarao,Haldia,Iron Ore,Capesize,51.1,4241.3,2927,3995,2802,639.1
2026-03-13,Indonesia -> Dhamra,Samarinda,Dhamra,Thermal Coal,Supramax,17.13,1421.8,2927,3995,2802,639.1
2026-03-13,South Africa -> Krishnapatnam,Richards Bay,Krishnapatnam,Coal,Panamax,25.48,2114.8,2927,3995,2802,639.1
2026-03-13,Australia -> Visakhapatnam,Newcastle,Visakhapatnam,Coking Coal,Panamax,29.63,2459.3,2927,3995,2802,639.1
2026-03-20,Australia -> Visakhapatnam,Port Hedland,Visakhapatnam,Iron Ore,Capesize,40.61,3370.6,2906,3881,2753,639.2
2026-03-20,Australia -> Paradip,Hay Point,Paradip,Coking Coal,Panamax,27.83,2309.9,2906,3881,2753,639.2
2026-03-20,Brazil -> Haldia,Tubarao,Haldia,Iron Ore,Capesize,51.35,4262.1,2906,3881,2753,639.2
2026-03-20,Indonesia -> Dhamra,Samarinda,Dhamra,Thermal Coal,Supramax,18.06,1499.0,2906,3881,2753,639.2
2026-03-20,South Africa -> Krishnapatnam,Richards Bay,Krishnapatnam,Coal,Panamax,26.16,2171.3,2906,3881,2753,639.2
2026-03-20,Australia -> Visakhapatnam,Newcastle,Visakhapatnam,Coking Coal,Panamax,28.38,2355.5,2906,3881,2753,639.2
2026-03-27,Australia -> Visakhapatnam,Port Hedland,Visakhapatnam,Iron Ore,Capesize,39.98,3318.3,2901,3895,2777,637.9
2026-03-27,Australia -> Paradip,Hay Point,Paradip,Coking Coal,Panamax,27.5,2282.5,2901,3895,2777,637.9
2026-03-27,Brazil -> Haldia,Tubarao,Haldia,Iron Ore,Capesize,50.3,4174.9,2901,3895,2777,637.9
2026-03-27,Indonesia -> Dhamra,Samarinda,Dhamra,Thermal Coal,Supramax,17.37,1441.7,2901,3895,2777,637.9
2026-03-27,South Africa -> Krishnapatnam,Richards Bay,Krishnapatnam,Coal,Panamax,25.08,2081.6,2901,3895,2777,637.9
2026-03-27,Australia -> Visakhapatnam,Newcastle,Visakhapatnam,Coking Coal,Panamax,29.21,2424.4,2901,3895,2777,637.9
2026-04-03,Australia -> Visakhapatnam,Port Hedland,Visakhapatnam,Iron Ore,Capesize,39.34,3265.2,2896,3919,2751,640.3
2026-04-03,Australia -> Paradip,Hay Point,Paradip,Coking Coal,Panamax,28.88,2397.0,2896,3919,2751,640.3
2026-04-03,Brazil -> Haldia,Tubarao,Haldia,Iron Ore,Capesize,51.11,4242.1,2896,3919,2751,640.3
2026-04-03,Indonesia -> Dhamra,Samarinda,Dhamra,Thermal Coal,Supramax,16.83,1396.9,2896,3919,2751,640.3
2026-04-03,South Africa -> Krishnapatnam,Richards Bay,Krishnapatnam,Coal,Panamax,24.56,2038.5,2896,3919,2751,640.3
2026-04-03,Australia -> Visakhapatnam,Newcastle,Visakhapatnam,Coking Coal,Panamax,28.82,2392.1,2896,3919,2751,640.3
2026-04-10,Australia -> Visakhapatnam,Port Hedland,Visakhapatnam,Iron Ore,Capesize,40.23,3339.1,2872,3863,2749,643.4
2026-04-10,Australia -> Paradip,Hay Point,Paradip,Coking Coal,Panamax,27.21,2258.4,2872,3863,2749,643.4
2026-04-10,Brazil -> Haldia,Tubarao,Haldia,Iron Ore,Capesize,50.53,4194.0,2872,3863,2749,643.4
2026-04-10,Indonesia -> Dhamra,Samarinda,Dhamra,Thermal Coal,Supramax,17.65,1464.9,2872,3863,2749,643.4
2026-04-10,South Africa -> Krishnapatnam,Richards Bay,Krishnapatnam,Coal,Panamax,25.5,2116.5,2872,3863,2749,643.4
2026-04-10,Australia -> Visakhapatnam,Newcastle,Visakhapatnam,Coking Coal,Panamax,28.1,2332.3,2872,3863,2749,643.4
2026-04-17,Australia -> Visakhapatnam,Port Hedland,Visakhapatnam,Iron Ore,Capesize,40.31,3345.7,2873,3853,2729,639.9
2026-04-17,Australia -> Paradip,Hay Point,Paradip,Coking Coal,Panamax,28.36,2353.9,2873,3853,2729,639.9
2026-04-17,Brazil -> Haldia,Tubarao,Haldia,Iron Ore,Capesize,49.64,4120.1,2873,3853,2729,639.9
2026-04-17,Indonesia -> Dhamra,Samarinda,Dhamra,Thermal Coal,Supramax,17.77,1474.9,2873,3853,2729,639.9
2026-04-17,South Africa -> Krishnapatnam,Richards Bay,Krishnapatnam,Coal,Panamax,25.78,2139.7,2873,3853,2729,639.9
2026-04-17,Australia -> Visakhapatnam,Newcastle,Visakhapatnam,Coking Coal,Panamax,28.77,2387.9,2873,3853,2729,639.9
2026-04-24,Australia -> Visakhapatnam,Port Hedland,Visakhapatnam,Iron Ore,Capesize,39.07,3242.8,2888,3886,2772,636.6
2026-04-24,Australia -> Paradip,Hay Point,Paradip,Coking Coal,Panamax,27.57,2288.3,2888,3886,2772,636.6
2026-04-24,Brazil -> Haldia,Tubarao,Haldia,Iron Ore,Capesize,51.06,4238.0,2888,3886,2772,636.6
2026-04-24,Indonesia -> Dhamra,Samarinda,Dhamra,Thermal Coal,Supramax,16.5,1369.5,2888,3886,2772,636.6
2026-04-24,South Africa -> Krishnapatnam,Richards Bay,Krishnapatnam,Coal,Panamax,25.38,2106.5,2888,3886,2772,636.6
2026-04-24,Australia -> Visakhapatnam,Newcastle,Visakhapatnam,Coking Coal,Panamax,28.78,2388.7,2888,3886,2772,636.6
2026-05-01,Australia -> Visakhapatnam,Port Hedland,Visakhapatnam,Iron Ore,Capesize,40.69,3377.3,2924,3921,2763,635.2
2026-05-01,Australia -> Paradip,Hay Point,Paradip,Coking Coal,Panamax,28.84,2393.7,2924,3921,2763,635.2
2026-05-01,Brazil -> Haldia,Tubarao,Haldia,Iron Ore,Capesize,51.56,4279.5,2924,3921,2763,635.2
2026-05-01,Indonesia -> Dhamra,Samarinda,Dhamra,Thermal Coal,Supramax,17.11,1420.1,2924,3921,2763,635.2
2026-05-01,South Africa -> Krishnapatnam,Richards Bay,Krishnapatnam,Coal,Panamax,25.22,2093.3,2924,3921,2763,635.2
2026-05-01,Australia -> Visakhapatnam,Newcastle,Visakhapatnam,Coking Coal,Panamax,28.56,2370.5,2924,3921,2763,635.2
2026-05-08,Australia -> Visakhapatnam,Port Hedland,Visakhapatnam,Iron Ore,Capesize,39.32,3263.6,2898,3940,2758,632.5
2026-05-08,Australia -> Paradip,Hay Point,Paradip,Coking Coal,Panamax,28.21,2341.4,2898,3940,2758,632.5
2026-05-08,Brazil -> Haldia,Tubarao,Haldia,Iron Ore,Capesize,50.57,4197.3,2898,3940,2758,632.5
2026-05-08,Indonesia -> Dhamra,Samarinda,Dhamra,Thermal Coal,Supramax,17.3,1435.9,2898,3940,2758,632.5
2026-05-08,South Africa -> Krishnapatnam,Richards Bay,Krishnapatnam,Coal,Panamax,26.1,2166.3,2898,3940,2758,632.5
2026-05-08,Australia -> Visakhapatnam,Newcastle,Visakhapatnam,Coking Coal,Panamax,28.52,2367.2,2898,3940,2758,632.5
2026-05-15,Australia -> Visakhapatnam,Port Hedland,Visakhapatnam,Iron Ore,Capesize,39.91,3312.5,2881,3865,2714,629.8
2026-05-15,Australia -> Paradip,Hay Point,Paradip,Coking Coal,Panamax,28.61,2374.6,2881,3865,2714,629.8
2026-05-15,Brazil -> Haldia,Tubarao,Haldia,Iron Ore,Capesize,50.73,4210.6,2881,3865,2714,629.8
2026-05-15,Indonesia -> Dhamra,Samarinda,Dhamra,Thermal Coal,Supramax,16.41,1362.0,2881,3865,2714,629.8
2026-05-15,South Africa -> Krishnapatnam,Richards Bay,Krishnapatnam,Coal,Panamax,25.75,2137.2,2881,3865,2714,629.8
2026-05-15,Australia -> Visakhapatnam,Newcastle,Visakhapatnam,Coking Coal,Panamax,28.54,2368.8,2881,3865,2714,629.8
2026-05-22,Australia -> Visakhapatnam,Port Hedland,Visakhapatnam,Iron Ore,Capesize,39.42,3271.9,2846,3816,2695,630.0
2026-05-22,Australia -> Paradip,Hay Point,Paradip,Coking Coal,Panamax,27.36,2270.9,2846,3816,2695,630.0
2026-05-22,Brazil -> Haldia,Tubarao,Haldia,Iron Ore,Capesize,50.59,4199.0,2846,3816,2695,630.0
2026-05-22,Indonesia -> Dhamra,Samarinda,Dhamra,Thermal Coal,Supramax,16.18,1342.9,2846,3816,2695,630.0
2026-05-22,South Africa -> Krishnapatnam,Richards Bay,Krishnapatnam,Coal,Panamax,24.75,2054.2,2846,3816,2695,630.0
2026-05-22,Australia -> Visakhapatnam,Newcastle,Visakhapatnam,Coking Coal,Panamax,28.38,2355.5,2846,3816,2695,630.0
2026-05-29,Australia -> Visakhapatnam,Port Hedland,Visakhapatnam,Iron Ore,Capesize,38.81,3221.2,2864,3842,2719,632.6
2026-05-29,Australia -> Paradip,Hay Point,Paradip,Coking Coal,Panamax,27.15,2253.4,2864,3842,2719,632.6
2026-05-29,Brazil -> Haldia,Tubarao,Haldia,Iron Ore,Capesize,50.66,4204.8,2864,3842,2719,632.6
2026-05-29,Indonesia -> Dhamra,Samarinda,Dhamra,Thermal Coal,Supramax,17.82,1479.1,2864,3842,2719,632.6
2026-05-29,South Africa -> Krishnapatnam,Richards Bay,Krishnapatnam,Coal,Panamax,24.48,2031.8,2864,3842,2719,632.6
2026-05-29,Australia -> Visakhapatnam,Newcastle,Visakhapatnam,Coking Coal,Panamax,29.17,2421.1,2864,3842,2719,632.6
2026-06-05,Australia -> Visakhapatnam,Port Hedland,Visakhapatnam,Iron Ore,Capesize,38.84,3223.7,2852,3864,2718,633.4
2026-06-05,Australia -> Paradip,Hay Point,Paradip,Coking Coal,Panamax,28.32,2350.6,2852,3864,2718,633.4
2026-06-05,Brazil -> Haldia,Tubarao,Haldia,Iron Ore,Capesize,49.16,4080.3,2852,3864,2718,633.4
2026-06-05,Indonesia -> Dhamra,Samarinda,Dhamra,Thermal Coal,Supramax,16.28,1351.2,2852,3864,2718,633.4
2026-06-05,South Africa -> Krishnapatnam,Richards Bay,Krishnapatnam,Coal,Panamax,25.61,2125.6,2852,3864,2718,633.4
2026-06-05,Australia -> Visakhapatnam,Newcastle,Visakhapatnam,Coking Coal,Panamax,28.44,2360.5,2852,3864,2718,633.4
2026-06-12,Australia -> Visakhapatnam,Port Hedland,Visakhapatnam,Iron Ore,Capesize,38.06,3159.0,2821,3848,2699,632.1
2026-06-12,Australia -> Paradip,Hay Point,Paradip,Coking Coal,Panamax,27.44,2277.5,2821,3848,2699,632.1
2026-06-12,Brazil -> Haldia,Tubarao,Haldia,Iron Ore,Capesize,48.84,4053.7,2821,3848,2699,632.1
2026-06-12,Indonesia -> Dhamra,Samarinda,Dhamra,Thermal Coal,Supramax,16.9,1402.7,2821,3848,2699,632.1
2026-06-12,South Africa -> Krishnapatnam,Richards Bay,Krishnapatnam,Coal,Panamax,25.2,2091.6,2821,3848,2699,632.1
2026-06-12,Australia -> Visakhapatnam,Newcastle,Visakhapatnam,Coking Coal,Panamax,28.04,2327.3,2821,3848,2699,632.1
2026-06-19,Australia -> Visakhapatnam,Port Hedland,Visakhapatnam,Iron Ore,Capesize,37.74,3132.4,2781,3772,2622,629.8
2026-06-19,Australia -> Paradip,Hay Point,Paradip,Coking Coal,Panamax,26.76,2221.1,2781,3772,2622,629.8
2026-06-19,Brazil -> Haldia,Tubarao,Haldia,Iron Ore,Capesize,49.28,4090.2,2781,3772,2622,629.8
2026-06-19,Indonesia -> Dhamra,Samarinda,Dhamra,Thermal Coal,Supramax,15.8,1311.4,2781,3772,2622,629.8
2026-06-19,South Africa -> Krishnapatnam,Richards Bay,Krishnapatnam,Coal,Panamax,24.53,2036.0,2781,3772,2622,629.8
2026-06-19,Australia -> Visakhapatnam,Newcastle,Visakhapatnam,Coking Coal,Panamax,27.4,2274.2,2781,3772,2622,629.8
2026-06-26,Australia -> Visakhapatnam,Port Hedland,Visakhapatnam,Iron Ore,Capesize,37.64,3124.1,2762,3721,2627,626.3
2026-06-26,Australia -> Paradip,Hay Point,Paradip,Coking Coal,Panamax,26.36,2187.9,2762,3721,2627,626.3
2026-06-26,Brazil -> Haldia,Tubarao,Haldia,Iron Ore,Capesize,47.87,3973.2,2762,3721,2627,626.3
2026-06-26,Indonesia -> Dhamra,Samarinda,Dhamra,Thermal Coal,Supramax,17.06,1416.0,2762,3721,2627,626.3
2026-06-26,South Africa -> Krishnapatnam,Richards Bay,Krishnapatnam,Coal,Panamax,24.22,2010.3,2762,3721,2627,626.3
2026-06-26,Australia -> Visakhapatnam,Newcastle,Visakhapatnam,Coking Coal,Panamax,27.84,2310.7,2762,3721,2627,626.3
2026-07-03,Australia -> Visakhapatnam,Port Hedland,Visakhapatnam,Iron Ore,Capesize,38.09,3161.5,2786,3791,2676,628.8
2026-07-03,Australia -> Paradip,Hay Point,Paradip,Coking Coal,Panamax,27.24,2260.9,2786,3791,2676,628.8
2026-07-03,Brazil -> Haldia,Tubarao,Haldia,Iron Ore,Capesize,48.74,4045.4,2786,3791,2676,628.8
2026-07-03,Indonesia -> Dhamra,Samarinda,Dhamra,Thermal Coal,Supramax,17.24,1430.9,2786,3791,2676,628.8
2026-07-03,South Africa -> Krishnapatnam,Richards Bay,Krishnapatnam,Coal,Panamax,24.39,2024.4,2786,3791,2676,628.8
2026-07-03,Australia -> Visakhapatnam,Newcastle,Visakhapatnam,Coking Coal,Panamax,27.69,2298.3,2786,3791,2676,628.8
2026-07-10,Australia -> Visakhapatnam,Port Hedland,Visakhapatnam,Iron Ore,Capesize,38.38,3185.5,2759,3706,2604,632.1
2026-07-10,Australia -> Paradip,Hay Point,Paradip,Coking Coal,Panamax,26.19,2173.8,2759,3706,2604,632.1
2026-07-10,Brazil -> Haldia,Tubarao,Haldia,Iron Ore,Capesize,49.07,4072.8,2759,3706,2604,632.1
2026-07-10,Indonesia -> Dhamra,Samarinda,Dhamra,Thermal Coal,Supramax,16.46,1366.2,2759,3706,2604,632.1
2026-07-10,South Africa -> Krishnapatnam,Richards Bay,Krishnapatnam,Coal,Panamax,24.57,2039.3,2759,3706,2604,632.1
2026-07-10,Australia -> Visakhapatnam,Newcastle,Visakhapatnam,Coking Coal,Panamax,28.39,2356.4,2759,3706,2604,632.1
2026-07-17,Australia -> Visakhapatnam,Port Hedland,Visakhapatnam,Iron Ore,Capesize,38.96,3233.7,2796,3735,2666,630.3
2026-07-17,Australia -> Paradip,Hay Point,Paradip,Coking Coal,Panamax,27.94,2319.0,2796,3735,2666,630.3
2026-07-17,Brazil -> Haldia,Tubarao,Haldia,Iron Ore,Capesize,48.23,4003.1,2796,3735,2666,630.3
2026-07-17,Indonesia -> Dhamra,Samarinda,Dhamra,Thermal Coal,Supramax,17.44,1447.5,2796,3735,2666,630.3
2026-07-17,South Africa -> Krishnapatnam,Richards Bay,Krishnapatnam,Coal,Panamax,24.02,1993.7,2796,3735,2666,630.3
2026-07-17,Australia -> Visakhapatnam,Newcastle,Visakhapatnam,Coking Coal,Panamax,28.52,2367.2,2796,3735,2666,630.3
2026-07-24,Australia -> Visakhapatnam,Port Hedland,Visakhapatnam,Iron Ore,Capesize,38.26,3175.6,2820,3792,2699,633.2
2026-07-24,Australia -> Paradip,Hay Point,Paradip,Coking Coal,Panamax,27.64,2294.1,2820,3792,2699,633.2
2026-07-24,Brazil -> Haldia,Tubarao,Haldia,Iron Ore,Capesize,49.84,4136.7,2820,3792,2699,633.2
2026-07-24,Indonesia -> Dhamra,Samarinda,Dhamra,Thermal Coal,Supramax,17.1,1419.3,2820,3792,2699,633.2
2026-07-24,South Africa -> Krishnapatnam,Richards Bay,Krishnapatnam,Coal,Panamax,25.34,2103.2,2820,3792,2699,633.2
2026-07-24,Australia -> Visakhapatnam,Newcastle,Visakhapatnam,Coking Coal,Panamax,27.45,2278.3,2820,3792,2699,633.2
2026-07-31,Australia -> Visakhapatnam,Port Hedland,Visakhapatnam,Iron Ore,Capesize,38.49,3194.7,2835,3872,2697,633.8
2026-07-31,Australia -> Paradip,Hay Point,Paradip,Coking Coal,Panamax,28.43,2359.7,2835,3872,2697,633.8
2026-07-31,Brazil -> Haldia,Tubarao,Haldia,Iron Ore,Capesize,50.23,4169.1,2835,3872,2697,633.8
2026-07-31,Indonesia -> Dhamra,Samarinda,Dhamra,Thermal Coal,Supramax,16.86,1399.4,2835,3872,2697,633.8
2026-07-31,South Africa -> Krishnapatnam,Richards Bay,Krishnapatnam,Coal,Panamax,24.51,2034.3,2835,3872,2697,633.8
2026-07-31,Australia -> Visakhapatnam,Newcastle,Visakhapatnam,Coking Coal,Panamax,28.34,2352.2,2835,3872,2697,633.8
2026-08-07,Australia -> Visakhapatnam,Port Hedland,Visakhapatnam,Iron Ore,Capesize,37.72,3130.8,2801,3754,2644,634.1
2026-08-07,Australia -> Paradip,Hay Point,Paradip,Coking Coal,Panamax,27.98,2322.3,2801,3754,2644,634.1
2026-08-07,Brazil -> Haldia,Tubarao,Haldia,Iron Ore,Capesize,48.54,4028.8,2801,3754,2644,634.1
2026-08-07,Indonesia -> Dhamra,Samarinda,Dhamra,Thermal Coal,Supramax,16.08,1334.6,2801,3754,2644,634.1
2026-08-07,South Africa -> Krishnapatnam,Richards Bay,Krishnapatnam,Coal,Panamax,24.86,2063.4,2801,3754,2644,634.1
2026-08-07,Australia -> Visakhapatnam,Newcastle,Visakhapatnam,Coking Coal,Panamax,28.68,2380.4,2801,3754,2644,634.1
2026-08-14,Australia -> Visakhapatnam,Port Hedland,Visakhapatnam,Iron Ore,Capesize,39.56,3283.5,2828,3800,2658,635.0
2026-08-14,Australia -> Paradip,Hay Point,Paradip,Coking Coal,Panamax,28.02,2325.7,2828,3800,2658,635.0
2026-08-14,Brazil -> Haldia,Tubarao,Haldia,Iron Ore,Capesize,50.05,4154.1,2828,3800,2658,635.0
2026-08-14,Indonesia -> Dhamra,Samarinda,Dhamra,Thermal Coal,Supramax,17.41,1445.0,2828,3800,2658,635.0
2026-08-14,South Africa -> Krishnapatnam,Richards Bay,Krishnapatnam,Coal,Panamax,25.49,2115.7,2828,3800,2658,635.0
2026-08-14,Australia -> Visakhapatnam,Newcastle,Visakhapatnam,Coking Coal,Panamax,28.08,2330.6,2828,3800,2658,635.0
2026-08-21,Australia -> Visakhapatnam,Port Hedland,Visakhapatnam,Iron Ore,Capesize,38.8,3220.4,2863,3855,2696,633.4
2026-08-21,Australia -> Paradip,Hay Point,Paradip,Coking Coal,Panamax,27.37,2271.7,2863,3855,2696,633.4
2026-08-21,Brazil -> Haldia,Tubarao,Haldia,Iron Ore,Capesize,50.83,4218.9,2863,3855,2696,633.4
2026-08-21,Indonesia -> Dhamra,Samarinda,Dhamra,Thermal Coal,Supramax,17.51,1453.3,2863,3855,2696,633.4
2026-08-21,South Africa -> Krishnapatnam,Richards Bay,Krishnapatnam,Coal,Panamax,25.8,2141.4,2863,3855,2696,633.4
2026-08-21,Australia -> Visakhapatnam,Newcastle,Visakhapatnam,Coking Coal,Panamax,28.88,2397.0,2863,3855,2696,633.4
2026-08-28,Australia -> Visakhapatnam,Port Hedland,Visakhapatnam,Iron Ore,Capesize,39.46,3275.2,2836,3875,2706,637.0
2026-08-28,Australia -> Paradip,Hay Point,Paradip,Coking Coal,Panamax,27.21,2258.4,2836,3875,2706,637.0
2026-08-28,Brazil -> Haldia,Tubarao,Haldia,Iron Ore,Capesize,49.78,4131.7,2836,3875,2706,637.0
2026-08-28,Indonesia -> Dhamra,Samarinda,Dhamra,Thermal Coal,Supramax,16.36,1357.9,2836,3875,2706,637.0
2026-08-28,South Africa -> Krishnapatnam,Richards Bay,Krishnapatnam,Coal,Panamax,24.51,2034.3,2836,3875,2706,637.0
2026-08-28,Australia -> Visakhapatnam,Newcastle,Visakhapatnam,Coking Coal,Panamax,28.66,2378.8,2836,3875,2706,637.0
